Gene,Sample1,Sample2,Sample3,Sample4,Sample5,Sample6,Sample7,Sample8,Sample9,Sample10,Sample11,Sample12,Sample13,Sample14,Sample15,Sample16,Sample17,Sample18,Sample19,Sample20,Sample21,Sample22,Sample23,Sample24,Sample25
AT1G10070,0.225739055,0.640226897,0.007091168,3.892810764,3.309994751,5.946614981,0.854533399,1.829483329,0.126805923,56.18197258,1.971125255,9.340210533,0.033383015,0.679133022,0.347800453,1.849622597,2.68617829,3.222783994,5.266215466,140.9483858,104.4200706,106.9521471,104.5001959,109.0890201,103.0084712
AT3G48560,16.69979442,40.32457618,95.2875193,39.68041677,65.05570464,82.80256529,94.29607541,624.0395811,476.1238773,290.8250697,77.92969845,142.5822047,100.5343549,505.6735348,74.05842117,82.4344075,47.00633296,25.84534666,31.89175795,329.2211738,379.5842049,386.5125556,273.1690579,347.2876469,426.405535
AT3G49680,30.8614602,35.50459423,87.77838879,38.84301354,29.39516185,43.24110957,112.1510215,51.20669096,22.65882515,52.04302983,66.92691987,100.1402224,98.73223702,167.4894691,53.66650863,64.88870805,43.16308445,54.96583849,71.17802904,52.45348346,6.437645249,6.274370696,10.28172857,5.322769827,2.911049597
AT5G65780,8.282804183,6.700706983,6.573449264,15.77197044,12.24577448,13.41376383,14.78506591,12.41050736,14.33620211,14.30514226,17.4147893,9.284547438,40.4292527,16.68061965,15.24338531,18.03485158,22.42946803,17.14446762,20.05389285,24.39799974,10.39307618,9.499594338,7.458206876,9.076841099,10.88394756
AT1G10060,0.00501757,0.006210258,0.007091168,0.523139741,0.237925211,0.070502146,12.50854347,5.715148845,0.461350054,0.394652476,0.25121547,10.46608443,18.81433522,4.180102912,0.592260304,0.341447478,0.652999197,21.84263949,53.33930856,0.475410129,6.69599794,9.885958776,1.855001586,6.153023904,6.386007273
AT3G06850,6.475997417,14.91923877,22.3824967,42.87195106,25.96804351,36.63028515,16.43605681,8.598714864,8.105930766,574.3691503,22.15838671,13.23372365,13.20869127,20.08711928,13.26002236,11.31403612,14.47898377,10.33092796,12.15895509,40.0072704,6.46616467,9.732403242,8.353717158,9.912352692,7.277272141
AT3G17240,104.6890386,81.73595489,50.35210291,75.54156164,128.4990846,105.185849,18.03837979,48.94367381,36.61988495,95.5114043,137.3466079,45.49327914,74.89437551,68.02827284,229.9335384,231.9004203,128.920057,33.67982835,24.61788739,44.22828405,54.0153599,50.43284166,59.81401782,53.19529855,59.29642317
AT3G45300,42.79752817,40.59935798,35.54339805,93.99484269,48.02451706,93.71778667,17.12370393,16.79845568,10.88394756,336.9511161,22.58653449,18.13486395,18.85471339,9.16676226,30.53243078,26.14083255,47.2660976,12.11959633,13.37502017,220.2226841,36.85037122,35.80136372,24.78402245,35.22110236,33.73652663
AT5G65940,23.62590287,46.62162398,65.36791653,38.55689327,11.39935145,28.89260837,10.56134699,53.63021089,39.44311866,52.98899953,37.10608392,57.04104605,17.39662622,20.58539991,22.98287825,25.55819632,24.59990272,197.8119007,148.2553152,43.69397938,10.12054916,10.17743372,13.8443407,11.39198403,12.05909948
AT3G13450,11.14887824,19.85696381,29.73646504,23.42727131,11.33553594,22.87917542,15.88040136,12.4589666,8.952424009,56.52519797,12.75150295,32.70507549,13.04623569,9.949892982,15.3929093,13.4182749,18.64654347,39.35092394,77.456316,71.53608632,12.83785835,15.33598718,11.9428419,12.99405071,9.794046812
AT1G31070,37.37292792,38.38909314,20.46140093,39.16072934,26.59531026,49.5008014,10.40863332,9.026752497,7.779577348,7.753161963,42.57006365,12.93678098,19.68941376,15.76576399,36.83178779,47.72302504,37.18140565,58.92044405,46.29567042,8.688660709,92.27585477,92.23410767,96.85360408,112.2881323,122.0604488
AT1G47840,6.427585708,31.39035086,23.52324812,12.70477958,15.15986,15.4467272,1.63142893,0.585608264,0.037185942,30.79915919,28.70945537,2.079242312,0.529456187,2.673235362,18.55344532,22.31878801,21.02337641,0.770625286,0.472751906,0.789024923,0.012455376,0.012598539,0.002046042,0.003702861,0.040435
AT1G50460,11.76069209,12.33721135,17.17275072,8.119099845,102.3692463,15.18733845,3.924860086,20.96106691,23.78891943,34.94399825,24.3881296,11.59587219,3.687264368,20.38441704,19.18330705,13.396596,11.54463201,20.26738882,15.08127036,14.19198091,9.219405647,10.43112106,8.825691236,10.59321429,10.84393122
AT2G19860,21.59161382,13.86690586,11.84229078,9.299822255,16.92017141,14.97483912,18.5815026,22.60613049,19.17205237,12.97767476,11.11314353,10.30751494,23.51125772,13.17450439,21.59161382,18.38280663,11.23154657,9.406934055,8.905835213,39.48860596,12.29404164,11.58813775,7.383230995,8.929795914,12.30190799
AT2G35020,11.18909783,27.77613424,19.2760431,17.35761917,19.38863573,15.64041018,6.7659469,11.44125867,3.465326927,24.76178688,16.73696093,21.36552989,15.7494276,19.40304562,17.98912289,20.65310698,15.51005057,46.37207571,25.37693487,3.734119996,8.917937661,8.514048662,4.948585619,6.53466259,9.991509202
AT3G20040,13.44368219,5.999403444,4.409217319,5.144374096,30.39247465,4.756027565,1.865651756,2.517100008,8.069405156,7.842116646,3.98181072,2.796582548,1.984771983,2.862168976,6.794464303,8.076428734,9.645390388,4.500564348,5.032689013,3.917460283,54.80163156,56.96759463,52.90339078,63.35576923,61.19599155
AT3G24090,4.48321088,13.16937793,11.28858123,5.665637008,14.64643167,6.785704708,5.037727315,3.024545211,11.23757347,8.520207181,7.749924818,2.651462103,9.487388543,2.491896722,8.292947674,8.000900817,4.705251555,6.085983265,9.134646341,3.008789444,13.21922067,12.09721965,11.07277803,9.522733324,13.57115563
AT4G24620,65.57166585,71.46835245,72.61342236,75.95530816,65.79995584,98.45775909,72.42603488,46.7876383,51.29460753,149.8243038,134.0298277,41.4168341,72.15330672,96.72432898,149.2315231,166.7928297,142.2943072,24.49360908,18.35374086,144.5712003,33.92383457,32.3995732,28.36047792,29.60545054,32.83070713
AT4G29130,55.41249465,79.61595428,39.72205375,71.24453664,92.05181595,76.11289771,28.38071623,39.32149248,30.62606719,63.08085063,63.57313346,20.75063548,39.92902086,28.36739795,80.41196113,72.49963173,51.72526302,27.17697459,25.42133413,34.08284108,76.15827435,80.30856026,62.4937541,69.49522722,73.55108382
AT4G37840,0.00501757,0.006210258,0.007091168,0.009120884,0.059759309,0.003720747,0.006377966,0.056412416,0.048664023,0.040282985,0.140995781,0.008949793,0.001915474,0.004595154,0.00395247,0.002842578,0.003641724,0.00361248,0.019337416,0.005866606,37.13902379,34.89446215,50.86836126,40.6533187,34.82494795
AT5G15770,0.00501757,0.006210258,0.007091168,15.48285563,0.002397975,0.003720747,0.006377966,10.15388395,5.29700494,0.003760498,0.002419969,8.968415039,12.60617322,9.342856854,14.11391694,17.47566376,16.61654522,0.001431466,0.001312908,8.280872266,7.714087777,3.645601372,12.17130185,6.344733241,7.279814453
AT1G07780,1.436093039,2.794678995,8.642152133,8.183034163,2.958972035,6.199434337,4.90194679,4.64024261,4.884928154,14.803612,11.13728849,6.312058405,13.68015698,4.209364902,7.601706044,3.104291757,2.518177142,25.93451889,30.96442753,4.418739706,0.012455376,0.999684345,0.215412432,0.035813235,0.040435
AT1G25220,39.80940452,18.64954067,22.27326844,20.74744508,51.03834983,28.70202637,12.44075225,10.13843201,83.77636343,17.0688891,108.043527,41.5774675,21.57491094,16.80495142,41.09708377,26.25172273,23.47910959,7.523443637,10.61878198,23.85123847,15.90905784,14.74492117,5.920938996,13.60788869,16.24765065
AT1G29410,3.362587361,5.634363383,9.620818801,3.39959795,3.573144856,2.620522145,5.664075286,4.865822595,4.738935203,8.309328608,2.570514913,4.796526752,4.591241256,3.749296339,1.979488894,2.54838426,1.802472031,42.74573804,39.77314253,6.032093365,0.012455376,0.897876089,0.440548709,0.003702861,0.040435
AT2G04400,53.6460781,31.26927323,58.72169417,41.4168341,35.35473439,41.177284,53.96953295,24.71653883,148.4169855,24.53690482,81.38192794,36.71993136,70.21576733,21.65848692,41.78390154,47.46035643,40.37708663,6.496203349,8.611833053,47.5351802,31.37579582,30.80518597,29.20857787,31.41579335,29.41139154
AT2G29690,4.384374484,11.4293971,19.1801967,9.007385334,4.934394177,9.20494134,19.58285516,9.175817977,10.44776633,23.64379039,13.99205232,13.18562869,21.41197492,15.33015555,15.2908766,16.62798209,7.053367153,19.30503391,23.77777148,18.03485158,2.491896722,2.558165818,5.743015153,1.894941015,4.413439175
AT3G54640,128.1661096,62.94468443,86.89475302,74.33600142,29.41736917,123.7707954,36.68729584,21.91434852,18.07096685,57.98507991,210.1304178,48.02451706,44.93542089,40.44452883,96.21616078,142.833252,71.88027467,13.50330241,18.32466476,44.3953551,25.40256202,22.72133738,16.7438988,21.14914954,22.10168695
AT4G02610,15.39876802,34.98999235,59.48148349,16.03506448,13.16615456,13.18789054,14.7658098,13.35188516,11.50384869,31.88403262,18.32466476,17.68272049,19.20088848,16.85408049,12.26150694,15.88713972,15.5022051,95.2875193,87.60791766,17.57182927,1.940921033,4.019877919,7.479471903,3.185356903,7.214120677
AT4G27070,9.734776128,9.047858754,16.80989839,5.008840502,16.37509314,10.9648729,5.151332186,7.559343978,11.33807994,15.14505357,29.44755316,3.516781387,7.44998834,11.15647191,10.4843737,10.93405004,5.794405653,114.1526744,62.2612102,5.57550034,43.02538456,42.74573804,32.51097355,39.61005016,42.22539876
AT5G05590,4.976187583,4.738371256,4.109384746,9.136021461,12.0804381,3.403630338,3.77015945,3.222783994,3.344319522,8.955949823,13.33933612,5.354980368,13.93253435,1.899987473,8.309328608,2.961897338,1.59134865,20.68994619,24.01025033,3.140076844,1.25734199,2.890236184,0.304609326,0.291259453,3.306043756
AT5G05730,11.78130965,7.990644532,18.59911784,9.834039678,121.9585536,29.30158914,20.48740834,13.66840088,41.07034863,20.47447239,120.3389501,47.94372989,17.89533464,19.38714385,20.1223942,16.77637004,10.64645695,4.278166694,4.917776974,18.22590667,7.844738479,5.943901042,6.089987615,6.065042526,5.734981294
AT5G17990,31.71877684,13.44088521,16.65455321,15.36474501,13.95673755,26.00760754,22.072931,26.53861862,34.4173797,22.88416982,54.48394833,37.1739117,54.31844808,23.43082496,25.37693487,22.85404707,13.71422856,6.810080079,8.355561689,38.5918501,5.053111952,2.631226889,5.021704176,4.072992679,3.835838558
AT5G38530,47.60881933,49.48487881,43.48305607,39.88760899,75.15224533,39.77314253,17.12951639,8.487295197,9.231018644,32.41915082,23.65509232,13.51260945,79.15060308,31.51322648,67.99810766,58.10749484,52.04302983,3.504269736,6.06901613,32.05891374,0.012455376,1.057824287,0.29686732,0.144919081,0.040435
AT5G54810,84.72932977,48.54393705,79.56975809,85.61979206,160.447625,100.4799204,75.804334,84.47026936,207.9261194,146.2156266,293.1953205,190.5766528,144.1939939,54.29186561,96.67447466,123.2339565,96.21616078,29.59956829,42.49618324,212.6318321,351.5464547,360.8642369,360.3136494,383.5544192,354.5724941
AT5G57890,6.945161082,9.872401932,27.9977411,8.876799958,11.76542954,7.956814629,8.738533329,3.138303145,7.069294427,11.73747865,6.970092149,6.980883697,10.28907437,5.890101376,10.34138737,4.327697457,5.546423995,27.3935221,40.82261037,10.5193146,31.42486208,29.71718259,20.55829276,32.19758136,32.73761985
AT1G51260,0.713942215,7.257362221,1.691564349,4.599010175,14.22765511,4.352561381,0.006377966,0.004310156,0.003737688,0.881164379,0.356322081,0.00685655,0.013207575,0.004595154,2.108319488,2.997329849,4.131927427,0.005114662,0.037581845,0.005866606,135.0537785,137.0303629,87.43057569,109.6744568,129.0473122
AT3G57650,28.99437943,49.76805333,54.73165349,41.21943632,26.82282913,55.6907279,30.94133671,29.24082057,17.60413791,47.2660976,52.90339078,20.24627673,21.33965972,47.65940674,56.47091987,54.03659208,33.04098106,69.8708169,74.89437551,18.38685258,38.35546093,38.88055065,30.23122367,34.20886879,40.51211556
AT4G30580,13.60042199,27.9905713,30.66043724,22.81422002,11.02878475,18.45516237,61.96672028,34.79298434,33.17680723,31.35037132,14.7332873,55.73336142,79.35884269,47.21873666,12.01275458,17.17969759,19.19360644,82.33743989,66.62535876,37.79310177,38.56815149,40.20794611,30.7310794,35.80136372,32.41039835
AT5G13640,13.01491287,15.11831523,9.435958264,16.18665642,12.00341689,20.27098257,34.11869061,44.49517857,37.27968214,19.16387424,16.67513568,13.2721959,11.76069209,29.24082057,19.83863001,16.71442689,23.01349486,7.302419164,7.946681195,60.53989207,44.61471316,45.77232486,39.90805573,40.36517047,46.85418237
AT1G68020,3.154843966,5.973878987,7.03457731,10.05352996,13.61617253,11.58335143,15.16824548,21.55212469,14.70054183,18.58609637,5.44164935,15.54678236,10.45192888,12.04694613,4.678261515,4.297134509,10.2672886,8.13091209,9.535617887,11.37058881,2.390374027,1.77370439,4.290862993,1.920441668,0.040435
AT1G78090,29.60545054,6.845818084,0.89436803,13.23372365,11.0014038,19.29676992,2.909602665,0.322107783,0.065460056,3.191536379,27.66779207,1.596544948,0.818266165,3.592053026,17.92272903,62.46184885,41.37854394,0.18788596,0.119712523,0.175847004,2.398130321,2.279346184,0.455988391,1.216955691,4.289847421
AT1G78580,2.63427876,3.572658987,2.792962744,4.764202146,3.792162155,7.726419179,15.11476182,18.26240327,9.356819312,2.42676257,15.65290845,6.134799964,6.924214958,30.65288561,5.883060339,16.87350058,10.16478398,15.74617025,4.262743395,12.8961024,16.28554108,14.99785211,11.27442484,14.01939622,18.36656933
AT5G51460,20.23036251,14.31352475,16.45309736,7.709460202,30.57900023,9.541350289,25.87653039,48.63309085,45.57005587,6.301318042,11.07277803,6.11912501,20.54600607,31.4062715,13.8138237,12.524725,8.29151538,7.125450371,12.99843944,17.54848958,158.2669553,163.4671394,116.803579,145.0380217,159.1401786
AT2G17420,150.657523,234.0224202,162.0850161,201.3173409,181.0076268,355.3339552,32.62540374,68.23136996,47.34142704,343.8779911,243.4626534,45.65012125,38.33234549,52.64449083,271.3644948,239.2814628,157.8952336,13.38865252,17.62614912,46.60473964,101.8893819,92.88432526,109.0065278,88.77942255,93.71778667
AT2G41680,11.141305,13.38217495,19.35682883,11.47449342,8.616595721,10.3016706,162.4026368,129.0473122,138.1249385,18.60266477,13.31877459,106.2298005,148.1009476,404.8938036,17.32688811,17.88687106,11.32596911,82.83658695,93.64110722,191.299446,6.737083611,8.667265222,8.942163965,7.069294427,6.205601623
AT4G35460,9.495463287,19.30863074,20.83435747,12.11783648,8.784295359,13.53193825,22.97222479,17.58519477,17.16663939,13.15973759,12.15234277,17.08856626,19.81807255,11.20775526,12.72353693,13.2930011,11.25059372,11.85553205,14.67108023,19.50432355,3.32705277,1.150874432,5.873869521,2.520520168,7.172226352
AT1G19920,31.06940368,54.24647303,39.75918875,42.07757142,15.03642783,36.1945456,65.79995584,88.73600462,56.9851078,30.82212078,51.00192799,30.58771134,111.4324437,116.1830651,50.35210291,70.73634729,27.68656125,54.63890744,60.69774337,35.62982756,17.86658357,18.6655743,19.74858192,14.18649894,17.47965882
AT1G62180,10.11204926,11.60158398,7.218606049,13.62544686,512.8930771,23.75470815,66.9513387,1291.98763,398.3858981,4.006867182,9.112590926,59.26853132,163.8489513,193.1792863,29.12461915,55.44867825,24.73647444,4.585742315,5.490954899,344.8712231,14.18649894,11.79245625,11.55249506,7.554787482,10.29477797
AT3G22890,289.0261549,85.61979206,78.68438073,158.045395,972.0346385,231.1483994,295.4971196,784.8203374,385.6248386,232.7575679,721.1277136,377.1594764,127.5825533,252.9938998,236.5541969,271.3644948,145.1885183,16.34964326,22.0983837,483.8536173,8.829774493,10.13843201,18.06365924,12.19260223,4.815470555
AT4G04610,62.46184885,12.14957478,12.91060993,21.09058885,1894.449674,30.11708424,83.03655926,183.1664263,89.90955787,2.787219331,193.3495044,81.23036306,68.14180922,52.6046983,32.46735607,91.27314414,49.25806291,6.989005962,8.670238816,60.07628777,193.5795464,191.7372844,146.9857333,173.4008985,201.0376031
AT4G14680,7.056140773,8.633079513,12.88975701,3.371184619,32.51097355,5.241317313,26.46807727,16.52994973,5.703873536,5.874742026,68.55649597,39.08277719,12.06823091,18.46479058,8.928668926,7.249114489,3.726532925,2.627722401,3.633354071,7.521995371,5.800636663,8.792045833,5.583663038,6.92245041,10.32093274
AT4G21990,83.51770003,51.07408173,48.10943962,46.48453683,4970.023312,68.02827284,29.29612931,201.5563544,364.0370585,11.07618481,105.0163949,152.1435476,126.5016028,61.63622567,133.4370054,155.8161199,58.5934081,34.62157113,21.582956,364.0370585,155.8161199,154.6802352,141.0718775,154.1245613,148.5573109
AT5G04590,41.5774675,42.95661396,44.37895032,59.12891911,63.71077152,90.23127122,149.6555689,224.8564988,115.4232165,162.0850161,237.86713,115.2453701,138.1249385,152.2930957,127.4555344,183.6836708,92.10626471,23.21236179,25.11584078,181.2290847,10.35544137,11.00907086,10.51310344,7.657336302,9.858510731
AT5G43780,366.555908,35.0850662,23.47326108,227.8340426,64.43061354,263.13772,53.93953787,73.94265824,74.05842117,105.4160273,414.387179,42.57006365,5.878747495,16.30385381,127.1014427,226.6831982,702.5799625,3.512132456,3.496373202,114.9043424,10.31896809,9.726074868,3.655855818,14.61204299,5.459982662
AT1G16300,13.30740117,32.14516606,46.46598937,16.09316066,20.81428816,19.94451107,4.559120137,3.046602392,5.633253697,32.20422536,26.8115569,3.720369839,8.058873176,4.3585954,32.55901553,34.14179015,17.36662722,9.556094948,13.03026972,8.156530622,10.56709109,12.39819664,19.30157244,9.439453199,9.156327262
AT1G43670,15.9882926,20.19612392,20.17271204,28.13740075,36.46524767,19.00096096,157.6632894,64.06774722,73.94265824,69.1259138,6.857710067,102.6230852,99.81171063,71.32374957,9.48087038,8.833167446,11.43882884,109.9532341,81.52423545,670.7445733,134.2609075,132.5044111,151.1472959,143.3245697,137.3466079
AT1G79530,97.57347311,115.0104916,160.6764551,126.1470094,120.9896603,274.9632537,6.073283637,2.704170057,1.360433195,192.9628306,227.3897936,17.23140069,18.39987044,28.25067496,381.6552656,287.1276768,174.552341,20.20831271,36.94303232,2.538885117,14.21172315,14.21503753,19.293052,11.69196029,13.54450527
AT3G26650,2.509482082,1.181514499,1.652636075,5.220278015,1.610489965,0.998383601,1242.835296,2137.661099,1780.123981,1.432443904,11.61447031,1149.112744,999.540402,967.3412289,13.36902034,7.758990277,0.646665436,228.5856425,237.86713,2137.661099,10.88132956,11.46749077,21.63156187,14.69523101,5.002554974
AT4G10120,0.27101342,0.322761496,0.662325584,0.246547542,0.489861719,0.441186443,31.16881889,84.50564572,102.7624461,1.222609367,0.635843721,8.718948334,17.09381727,81.33937211,0.256665685,0.766441532,4.390756725,1.155684547,1.563433082,277.182801,0.733741972,0.777684299,0.190266178,1.038795548,2.588712457
AT5G20280,25.09123741,14.48446128,6.099279835,20.78640455,16.66593024,19.08388929,23.75015485,72.10844149,73.98905633,30.25851021,18.53222399,49.33587796,92.17715303,36.87309906,52.92323382,42.04804163,30.25199747,20.13763356,16.7438988,188.7553626,9.174591218,6.382852821,7.004616404,10.44776633,5.874742026
AT1G17745,69.27483848,39.93892038,4.072992679,32.67964522,100.8419499,89.23871048,3.595685337,13.09530908,8.896780752,16.95584088,54.74534993,24.9897605,57.96496652,9.368622221,93.71778667,87.9410168,72.03231769,54.3384838,15.76323322,29.08713543,1.537125518,7.106112392,4.052838755,6.655647407,0.040435
AT1G18640,20.87561478,53.98908165,50.49801251,31.73438385,18.41818719,30.06841115,23.44600589,20.00027068,16.19998019,26.89711984,29.88643421,26.31039468,18.61872838,13.06693971,24.59990272,21.44443459,22.19048142,33.14029149,29.79730989,20.28850717,12.12845848,11.71825523,9.917265357,9.870766171,11.85141641
AT4G35630,41.85628762,78.25651986,73.86347078,83.36961321,62.77314512,102.6953914,9.175817977,6.906354475,11.87494109,34.38229119,95.83819031,33.93303181,76.40009897,12.71352241,139.6441514,123.357967,86.06515896,14.33781856,19.52087117,14.74023381,10.48017772,10.57794434,9.573950574,10.47593096,10.68785166
AT1G02500,1279.053178,375.138916,224.214195,886.3799385,526.183029,1868.996128,34.53723018,283.4136485,150.657523,1938.760216,827.2607354,200.144119,243.4626534,267.185368,2170.894548,1149.112744,1214.741371,330.7922398,441.6492419,340.0912633,114.6510759,112.1510215,147.9445982,121.5223557,109.0890201
AT2G20690,13.21117438,20.317378,27.56572578,9.338789911,9.237652707,12.37406778,6.672511578,52.37388717,40.5380216,12.14011208,16.17782369,43.10716245,41.37854394,37.73129931,15.32086813,19.10135508,11.38586198,15.43325401,21.97694117,37.18140565,0.012455376,1.890398003,8.917937661,5.223519511,3.57094732
AT2G44050,33.31724506,70.04479618,126.9694185,52.18600019,27.60871429,56.91024209,96.3993427,42.97064272,40.58102856,60.25194309,55.47791892,53.41611151,93.77852251,96.93072275,50.1546842,64.29146121,33.32715845,46.91842145,59.86907817,77.87840563,5.76191036,6.386007273,13.11736539,5.186282489,6.212655264
AT4G20960,3.24525796,8.156530622,13.4182749,5.376560435,6.411768748,6.180020422,21.06123065,10.33770741,11.11511337,5.787635072,4.283458787,15.33598718,31.92134355,48.6573085,5.867276933,6.354071846,4.740102931,6.651599612,8.459734547,16.06251834,14.70658955,10.92335251,20.70060274,16.17194271,12.39589545
AT4G21470,32.68890853,26.46807727,26.64900205,28.22791764,20.03246964,23.71016693,31.31467276,15.87391144,18.37334236,16.95933726,19.86610106,16.20819909,30.30976621,9.930892298,23.12920404,20.80106933,51.39544809,33.00240572,48.94367381,41.67925005,27.05620119,26.97061599,19.98274639,23.1965957,25.78782741
AT5G64300,21.05639073,23.10286879,15.04145334,17.72803863,95.41470807,24.71995149,36.43229622,67.72544575,85.94864217,20.65310698,39.55773976,36.35547345,72.57626776,48.36699689,40.51211556,32.96953665,18.08421787,12.71113165,10.1088824,92.10626471,14.96508706,14.74251444,15.370869,13.27002596,16.44691959
AT3G25860,15.44908301,65.57166585,86.9920664,41.5774675,17.80668615,83.03655926,25.4619315,36.75233464,40.24355845,86.78193204,72.67434976,34.98167573,44.53895271,55.22585042,107.7363129,106.7735145,48.56262944,10.69466994,12.37981692,20.67404839,6.068017606,3.727682865,7.379334056,4.118742313,5.818614009
AT5G14760,1.66167436,0.600379791,0.717698693,0.440821182,4.59259756,0.717698693,6.808745223,73.81425189,65.40335757,1.598759237,3.227171053,1.225958384,14.18649894,27.53750537,2.810199014,4.810393457,1.146457191,2.522675404,2.718611324,31.35868653,44.598789,46.97816633,37.38532417,42.92178543,49.970731
AT5G50210,10.49115976,9.4105037,6.328440653,9.611058347,24.69936073,12.94301402,36.38480802,32.90686594,53.48847084,22.04372864,13.10809078,10.9449171,15.5807321,17.39446702,11.70719036,17.13887233,14.19378816,2.648993879,2.966946191,35.53158554,39.50336886,41.00216219,18.10835153,33.01173816,39.97172485
AT2G27450,46.60473964,48.05994201,51.5625292,42.02400495,21.26544761,34.6650475,37.36339887,45.85765233,27.33543098,58.12744829,46.11165123,28.68125902,22.55966823,39.54860396,40.28360563,42.99329825,29.75489309,25.43388815,17.30488281,29.71017246,9.563287314,7.118557846,10.04234754,8.69698491,9.903938047
AT5G08170,8.177974052,16.29447433,16.94416008,13.01491287,14.96994402,14.22285093,19.84309145,17.47566376,11.32221763,26.52076492,18.09507232,8.78853561,11.19798168,17.49361638,17.42270373,19.00937769,13.8443407,21.96626932,12.86307459,32.95362964,21.05337101,19.86098341,20.13344185,18.64954067,22.12396042
AT1G32200,5.40795757,8.090946674,15.46866597,5.817454974,9.214720151,7.038575462,93.15755663,38.80768135,53.77987741,14.05039737,10.85618174,32.94558722,52.98899953,69.8708169,7.352958242,6.256303747,2.876392202,32.94558722,32.54113871,47.51611508,5.530149672,5.556388745,3.398420486,0.351553129,0.040435
AT2G39290,10.4843737,28.81173857,29.19616311,12.09579048,9.551174267,11.80008289,11.67238422,12.05539263,10.65292226,12.81029466,13.11243681,19.46892431,10.9938545,66.26679302,10.44586438,12.84240027,8.318038625,7.211161335,7.999300389,14.36815961,9.632876823,12.5128248,10.72637787,10.04234754,11.59038919
AT2G45150,1.500845483,3.704974003,8.249832725,1.651670329,3.266294034,1.900861241,10.29139834,5.971021103,6.189326834,4.077327317,2.254736681,5.257849068,10.12054916,10.71273859,2.604598091,2.613767071,1.495889513,4.34007823,4.476404129,9.260542354,15.1240638,14.6400315,7.018550928,12.18184389,12.13549963
AT3G60620,5.871838175,8.04039675,8.939933709,5.51019713,4.904875865,5.246201275,22.87442777,14.82129352,13.94451655,5.103735843,5.154678013,10.90349089,16.68996254,19.58665555,5.610164082,5.113288214,4.870509304,13.51908032,14.05503891,14.80928774,15.955663,15.73484185,12.99843944,15.8245271,17.01089039
AT1G53240,196.2546081,431.6191141,382.5625083,274.9632537,195.7663725,369.2977687,156.5519452,191.299446,108.2155478,187.6684313,538.899226,202.0908328,129.5251273,310.4465531,562.328401,607.6870958,222.3260218,165.6380515,212.1281127,140.1357334,13.21642535,13.70176762,26.06033338,14.5075999,12.44541124
AT2G05710,80.05928315,82.4344075,57.39839664,142.2943072,166.164418,216.3217083,87.38879181,102.1643508,54.57758525,332.9715051,210.6058194,64.00817483,66.73691748,108.489364,325.7600804,337.7960772,201.5563544,36.26359928,42.17255048,113.2922419,34.64358002,35.46167498,31.8593522,32.60926023,41.07034863
AT2G13560,43.15437004,63.19556831,55.47791892,83.11966692,69.49522722,84.99583857,63.87671924,76.18897787,43.31505224,91.37911451,106.088839,79.07283184,87.19358843,89.23871048,101.32173,112.6978296,95.95574087,94.42998741,84.74999603,73.34977693,10.20396001,5.98280363,14.69523101,8.022032713,8.107456865
AT2G17130,146.689299,76.15827435,25.1333186,88.26290196,76.15827435,83.36961321,15.8406776,20.22201053,12.26284428,69.23956013,65.87331865,26.32372069,20.94035033,15.74373251,89.80606031,106.4477923,82.94599631,10.44371526,8.916029086,11.48237312,22.20008453,23.51577102,25.8028082,25.82319315,28.06086603
AT2G44350,203.7985025,133.0350492,68.17372275,144.4670019,208.838162,199.8717288,75.11165422,49.37291417,40.83498726,209.4433364,202.6570768,45.51107316,86.26452357,38.86952238,282.8906599,307.9561677,248.3223654,39.90805573,38.77923118,59.00978403,70.59280423,69.42267764,70.21576733,67.72544575,75.28468252
AT3G09810,78.91618056,63.52057186,31.12182369,48.67781323,62.57957814,52.51222077,20.90262362,12.88493106,14.71164755,41.51467398,54.57758525,14.42541329,24.76178688,19.29676992,75.88356981,86.33064757,53.19529855,4.123689695,4.401651772,17.39154764,33.88769202,32.94558722,29.927287,30.23122367,30.41847258
AT3G15020,92.17715303,83.635779,42.6999871,41.38727144,58.92044405,43.02538456,16.16520994,14.14588865,5.889226169,20.15914831,57.56811253,12.27389623,19.83055457,48.16017128,74.89437551,92.94141683,39.56973418,8.806510161,12.91060993,6.807396513,44.42277321,43.30233003,45.93132613,38.77923118,45.09358127
AT3G47520,45.54302202,75.15224533,69.45826911,51.54479886,35.51300013,87.38879181,45.77232486,31.65054306,23.58702282,32.81336321,86.06515896,45.41612934,119.2439433,78.52101329,118.2932256,129.9414979,70.4366479,25.43906527,22.32413147,31.58076352,8.16625478,4.637914606,12.66666642,7.367077005,6.712890589
AT4G00570,37.11568743,60.31077582,42.3340881,47.18429501,54.40386855,52.66243063,22.37371108,41.90468163,60.61663825,59.91707746,73.43411635,42.37514987,54.07525351,65.19914986,79.26529199,78.34562942,47.32574125,52.41461602,47.34142704,36.1344348,53.17685723,50.95959782,50.115215,43.24110957,48.16017128
AT4G26970,113.4721164,57.06262432,15.27804574,78.60127359,273.6574782,182.3620369,37.69942058,59.17829892,49.17645822,164.5364714,142.833252,39.79943828,45.71643494,62.41062507,208.2072074,214.2398262,231.1483994,8.924180832,5.840450222,81.90496588,49.39666659,49.83141163,50.55873496,46.9904368,54.82482314
AT4G35260,142.420218,121.7067566,65.05570464,87.98928708,79.61595428,109.6744568,37.91423934,49.72721009,28.85303221,53.25564277,114.446232,51.707856,56.57503568,46.7876383,148.4169855,157.013391,96.98895645,22.94848533,27.00814934,33.94320163,37.62744367,38.41093448,43.98730182,37.60744214,39.13658349
AT4G35650,0.00501757,0.006210258,0.007091168,0.002301972,0.030759032,0.003720747,0.006377966,0.004310156,0.218490693,0.003760498,0.002419969,0.077143325,0.060273387,0.176541115,0.00395247,0.002842578,0.003641724,0.003539165,0.001312908,0.20301776,52.76609488,50.19145357,51.20669096,50.07627482,50.84868281
AT4G35830,55.5159312,89.66750043,72.49963173,154.3224442,122.0604488,176.7680054,191.5647198,113.2289338,87.43057569,408.2262228,218.1329677,185.3908848,102.1643508,89.11062116,274.9632537,259.286038,161.4783001,55.58295388,60.31077582,254.3452296,75.95530816,75.95530816,61.14337155,61.88763103,75.23707055
AT5G03290,226.3845761,162.2430256,84.70866352,141.18848,142.1570596,144.6904758,57.75462233,82.06786651,59.46183749,178.5435873,141.3364849,66.18504856,104.6272074,65.97021618,190.5766528,189.0393958,155.8161199,22.74938403,21.24555514,56.89025808,53.80311315,54.62108158,46.39307658,49.17645822,50.24860308
AT5G09600,4.409217319,5.10174533,3.259392049,72.3815746,13.4677852,13.5957058,11.91191976,77.3829861,46.35729905,15.78396205,24.28292939,3.308986995,55.77782401,2.895339333,162.0850161,1.090500728,4.764202146,70.59280423,76.23147488,4.819304595,14.1237675,14.81819055,0.374606616,2.259617081,15.24882243
AT5G50950,1.395663887,0.629139047,0.007091168,1.040681576,3.470614647,0.687053864,527.7801986,132.5044111,132.3893182,0.366389474,0.42761393,204.069743,21.64407877,68.30177371,0.125292152,0.301995765,0.641845452,8.919511612,2.67924243,64.85851636,4.976187583,0.754458825,0.327757587,1.976346668,0.040435
AT5G66760,117.6586122,125.348225,100.2877573,111.6615449,114.9043424,153.0214068,22.16433776,41.58930015,35.29105667,333.7196487,239.2814628,33.27110631,73.86347078,72.57626776,323.6218899,360.8642369,128.1661096,45.06388953,50.29120824,72.78606669,54.15216417,54.84181955,48.44431414,46.79811815,51.20669096
AT1G21100,88.53369051,1.087756663,0.724387285,223.1144846,9.506829095,208.4662049,1.176772739,2.284285727,1.721210972,39.20867225,52.93705412,20.05389285,1.434919593,3.551776898,28.4679993,6.941503429,241.38023,0.404607864,0.6088202,6.139477544,0.012455376,0.012598539,0.007048351,0.003702861,0.040435
AT1G21120,148.4169855,2.654022566,1.797183467,16.67513568,84.74999603,70.95019754,1.546398054,2.032369059,48.69747807,9.47565101,23.27123537,21.69379334,1.910199074,1.736920216,24.49360908,4.19868545,5.777203403,0.504588185,0.219704135,36.64058112,0.012455376,0.012598539,0.002046042,0.079620663,0.040435
AT2G44490,84.04014028,39.06374618,11.51605803,96.21616078,128.920057,69.64136759,144.1939939,54.20003113,205.2791755,68.94182345,48.9277852,259.9992621,83.25350956,49.9547998,108.489364,92.82910818,143.127196,5.450173488,3.068167295,298.6487272,0.732676916,3.13916508,1.110461316,4.618002128,0.040435
AT4G37400,6.707972203,27.9300989,24.56390792,12.48143256,78.68438073,28.58182331,2.995141161,5.934846889,4.137655403,13.7979772,55.11961183,1.670948925,0.292221027,6.489510335,18.96757193,32.55901553,26.68084811,0.411936283,1.485770972,0.929234569,0.012455376,0.849565971,0.033265744,1.812340292,4.055594549
AT4G37430,0.00501757,0.006210258,0.007091168,1.085848317,22.3095222,11.70451492,0.006377966,4.016490666,11.91729579,0.003760498,0.002419969,2.674016513,2.197976344,3.703058622,9.308083676,19.33513313,7.219858395,0.001431466,0.001312908,1.519287279,16.0302137,16.07411414,7.892451372,16.27490572,18.00816998
AT5G44070,77.92969845,40.0072704,13.2993168,33.02029604,107.3629311,34.30171119,31.10633288,31.07505658,166.4420144,25.80794462,72.61342236,138.6622977,23.05698134,21.91434852,48.25098455,28.96971483,47.02392077,14.22765511,10.85297557,76.30800074,7.898663083,4.951080531,7.147422665,6.136089703,8.044555042
AT5G57220,36.07297522,0.824698792,3.542839582,0.320455516,3.297243789,41.20883367,2.098596829,2.908755004,5.785113209,3.309994751,10.66468967,40.80162444,0.308940134,3.645601372,2.323558431,1.780642333,5.291052131,0.182523755,0.022022661,27.02780208,1.143518223,5.508753983,0.039220151,1.956302377,4.998791651
AT3G44300,21.90913666,52.25387992,39.35092394,31.93027167,68.4075846,155.5913766,0.901669567,24.60828423,0.370843449,282.3492432,8.667265222,2.817684397,57.84389207,0.240297697,136.1050188,21.72147697,40.23188393,1.174476501,1.219140149,14.98308817,1.12113973,3.045667348,0.726318756,6.128472875,0.040435
AT3G44310,173.4008985,40.47200944,35.52332167,104.763244,38.03319148,158.9385518,822.4598939,1628.030979,591.9632083,59.81401782,65.17001247,612.3330969,817.6619762,458.811677,482.6447858,164.7217732,58.3139256,53.39356656,96.07706712,822.4598939,16.4589183,13.95876961,15.08383374,26.38269768,0.040435
AT3G44320,126.9694185,92.23410767,59.1003038,78.34562942,76.11289771,83.32261454,1.788255579,3.691462297,4.066104274,22.85404707,146.3867979,2.600223135,9.007385334,3.12255806,147.1676143,71.77813442,73.43411635,2.108319488,3.74044686,1.927202139,1.141975627,0.012598539,6.582058723,1.834201895,0.040435
AT5G22300,1.787700671,2.344853078,2.114020151,0.239993885,3.206478741,4.784294577,5.3019291,1.674358282,4.587804219,4.587804219,0.01584855,2.440824417,2.742529629,4.356101919,5.443322827,1.075157654,0.744322261,0.883525634,0.78997839,130.554491,1.530211194,3.692418983,0.391800776,6.391131152,4.927917641
AT1G12140,26.15900319,7.727567836,3.002551482,20.02874901,12.30767395,20.07905235,26.16864267,23.3161792,12.9476072,18.76773276,38.71028845,15.19649765,11.65048336,30.9500924,25.34859619,35.42276254,32.03466409,4.680260984,5.15617483,49.92095512,0.752191889,0.895963871,0.385972046,2.458262012,3.732029644
AT1G16400,2.928316628,0.18206038,0.007091168,0.400283991,0.044012528,0.042563245,5.294976492,12.66214002,0.636326287,0.057912888,125.0453564,1.606509357,1.88343677,8.880286901,6.0915892,54.44754464,26.09396145,0.012037968,0.008678687,0.58534535,0.012455376,0.012598539,0.014619932,0.13708333,2.700278998
AT1G16410,0.00501757,0.006210258,0.007091168,0.033187663,0.013386365,0.0490355,133.887259,130.4159489,2.411010496,0.028165407,0.235641715,62.93310304,7.672601108,155.5913766,0.056740365,0.045151984,0.003641724,0.133111878,0.039858649,3.143607949,0.012455376,0.722243982,0.005968486,0.029198833,2.423002052
AT1G18590,8.126254632,2.514557831,3.996544812,8.587016389,0.470957128,11.06660666,43.96071866,52.14538765,2.716372893,2.078529942,84.33744219,19.25783877,13.6908171,46.05085099,18.9833656,43.91408286,12.84810262,0.83395189,1.911887178,6.794464303,0.012455376,1.061504072,0.02659488,0.719009262,0.040435
AT1G24100,53.89346081,19.22668165,15.29615006,32.41915082,17.83617648,49.00198272,51.98328772,71.61735833,16.20295759,14.51858068,149.012372,70.70735074,30.14528331,145.0380217,59.2275099,61.2876736,62.89905972,16.47999144,19.27915702,20.49641964,2.363593221,1.262717808,2.441845805,2.035639186,9.124533937
AT1G62540,0.00501757,0.006210258,0.007091168,0.432212067,0.002397975,0.055882589,1.726460082,3.515717746,0.029739443,0.035745564,1.673140621,4.342607339,31.69537013,5.409695753,0.091566673,0.396941265,0.076988093,9.129361235,6.414165621,0.489285398,0.851592295,0.012598539,5.942264617,2.498791757,0.040435
AT1G62560,0.17258533,0.175585417,0.007091168,0.162372557,0.002397975,0.053032678,30.81320627,56.01635904,1.859142535,0.028463788,8.523444332,31.81223505,7.228221398,56.52519797,0.416022638,2.532194524,0.272902583,5.818614009,1.698720141,2.260707942,0.012455376,0.012598539,0.002046042,0.094963646,0.040435
AT1G62570,187.2820121,37.94205825,13.18562869,128.054433,596.2001217,107.3081987,7.377965792,6.810080079,2.902904093,19.83418517,52.37388717,3.636888219,15.22510755,5.326217596,97.88826539,75.11165422,84.33744219,5.922216704,0.668652997,41.20883367,1.677743208,2.701572984,0.012503017,0.590863972,0.040435
AT1G65860,0.285956781,0.006210258,0.007091168,0.019193165,0.002397975,0.043263868,27.51887666,55.49549836,2.010362812,0.003760498,8.544477374,21.01446247,3.922496561,60.8920456,0.437718383,0.961371204,0.315986642,0.338674088,0.260138002,2.949976924,0.012455376,0.012598539,0.020857336,0.223558306,0.040435
AT1G74090,22.7314794,18.92805338,5.269656688,10.12054916,5.900080418,17.20235996,67.76745285,102.7624461,15.25375161,9.183334779,110.0685709,52.08696709,25.30110235,120.1660523,15.89845152,92.69771894,48.85781099,4.692453322,3.308063391,24.74910083,2.823510226,1.196840831,2.014933526,1.490320974,4.661794735
AT1G74100,176.9684166,36.83178779,37.36339887,88.88629126,13.40815002,128.4990846,56.1219562,72.78606669,56.14032101,40.5380216,415.6313426,52.43663768,51.66946466,92.88432526,204.3758554,180.1898831,106.1736285,4.449075136,7.78646629,39.11733144,7.163109939,6.461829421,10.07519535,11.78821826,0.040435
AT2G20610,63.96708273,15.8707848,24.03271946,45.30080531,11.94950284,43.75531429,74.4237264,101.5210772,17.93084356,18.12305733,224.214195,88.43261356,38.55689327,162.4026368,52.97016101,103.9629621,59.91707746,15.23547771,19.13952216,32.02794731,0.950531353,6.315555016,5.203571053,1.875197178,2.876091342
AT4G29210,37.81279753,36.75233464,28.2827097,42.12114081,20.41622978,42.6999871,12.60617322,10.93405004,6.025670157,42.3072193,23.79831615,18.92415213,20.15177284,7.6464392,29.97050253,23.63372696,32.93446938,15.40485387,8.336792897,19.06928933,0.012455376,0.012598539,3.677470018,1.25734199,0.040435
AT4G13770,0.711773682,0.006210258,0.007091168,0.222797534,0.016385586,0.028409428,366.555908,596.2001217,18.29814319,0.762777191,194.7419295,180.1898831,47.32574125,251.1351018,4.041743304,102.6230852,52.75224628,4.330285559,0.863828012,5.769891132,0.012455376,0.012598539,0.014859571,0.046298067,0.040435
AT2G25450,272.2708031,59.70649749,15.85907585,347.2876469,931.3440536,243.7918978,291.4410892,293.9389882,223.8145218,265.6022502,781.7374721,250.1516595,35.11729541,180.7790383,349.5943137,404.8938036,184.8572501,0.213779039,0.250414954,1214.741371,11.19798168,10.24660109,4.661794735,17.36423446,0.040435
AT4G23100,115.9140157,94.18646595,54.88046458,170.2186596,354.5724941,236.90389,95.41470807,136.6097451,93.0905588,288.3942668,263.13772,127.7009484,142.420218,93.77852251,217.4739159,168.6905703,189.2649183,38.99304734,32.60926023,221.4796328,11.80372962,9.212460702,14.16980261,10.01011198,11.80008289
AT5G27380,54.42573864,43.84357309,49.23956325,63.05240563,23.82531712,42.2894347,54.24647303,28.3450641,18.56270406,59.70649749,90.13322839,105.2429809,73.98905633,30.26498082,58.0849538,57.88861285,52.85695594,128.8054841,80.05928315,108.7421164,14.36340472,14.11841707,11.4538436,10.79898148,13.28730892
AT5G37830,13.45198726,9.658863218,9.432545141,14.76870785,10.50200273,21.5555781,15.62507719,18.40335858,14.03724951,34.35155814,19.90875934,13.93253435,31.24500026,16.48239714,23.40900371,23.22021746,20.54268051,5.678200199,5.294976492,18.32840085,9.116718261,10.72265765,8.870532207,8.282804183,11.84917313
AT3G03250,34.78236039,132.3893182,51.15013531,107.5769092,128.298558,122.2639682,105.4970102,61.78783762,48.31776533,112.9479658,152.4924532,52.80354786,198.1659643,126.9694185,169.2025488,210.1304178,123.1472492,25.95630931,18.34082919,96.78878825,90.3345497,96.3993427,113.2289338,89.00038659,122.7456021
AT5G51820,4.128424006,8.063580675,16.30385381,4.784294577,4.512817621,5.516501722,54.80163156,49.9547998,83.635779,18.14019353,8.015220397,60.9421019,118.556851,51.4512841,7.693064742,9.0149304,4.690391525,16.73987349,23.30509121,163.6460133,11.97183436,9.237652707,9.314739369,9.551174267,11.38411125
AT5G52560,27.02086439,21.5555781,6.361225839,25.83455818,48.84155687,29.08713543,28.76115369,12.97091001,16.29855323,16.44691959,19.67593918,10.37236118,26.41898809,21.68291805,28.42252628,30.15493426,26.7780394,24.71995149,20.03718031,18.87834542,70.11524298,73.18967848,52.16361573,57.29435972,76.93609398
AT2G43100,3.688689162,0.39335288,0.906461839,0.846716434,0.851087489,0.303030191,80.73017075,109.6744568,3.727682865,1.189730865,115.9140157,49.39666659,9.079052532,367.4130583,5.287655545,80.15168246,29.01876849,1.870196402,0.477233161,3.686262191,0.012455376,0.012598539,0.032687646,0.003702861,0.040435
AT4G13430,66.73691748,64.00817483,115.0104916,104.5001959,74.5541438,108.8317474,221.4796328,179.7269152,88.53369051,174.7914937,569.111851,159.3521946,143.9081704,167.7113973,112.8845847,304.3879241,235.6284907,35.98569233,43.31505224,158.9385518,28.32517993,27.05620119,26.26435752,28.11797147,28.92185553
AT5G14200,9.642124419,0.561967835,2.840650707,7.78329968,2.824660225,1.284403207,215.5889717,94.67432483,3.97300743,4.208009215,533.009902,137.1905948,40.5380216,107.8249995,20.01188704,248.8246489,111.0145575,2.581647404,0.945385126,3.872915055,1.276625521,6.343600616,0.007179874,0.609378951,3.039021119
AT5G23010,0.257493289,0.006210258,0.007091168,0.550959395,0.016636144,0.191620444,177.651776,332.9715051,9.198237935,1.010960454,85.58089874,208.838162,20.1223942,421.6620123,1.178798174,33.84492303,15.26976358,0.928219385,0.082945751,6.773686053,0.012455376,0.012598539,0.002046042,0.003702861,0.040435
AT5G23020,4.728708749,0.006210258,0.007091168,6.634776239,0.023017089,0.26104444,8.503138241,84.62878657,1.740274462,0.788017346,453.188506,8.829774493,0.290504899,21.64053253,17.89022772,214.9178866,84.62878657,0.059267527,0.002759746,2.657185712,1.092201979,0.012598539,0.017023421,0.003702861,0.040435
AT1G17050,29.25435297,17.0541955,17.77393142,11.91729579,19.83418517,20.5962182,59.65698621,106.0133255,87.48800767,8.834441071,8.279463152,9.663243401,41.26212377,46.53068681,23.15677503,21.15249307,11.20188053,4.561447984,5.439294092,168.6905703,2.309105208,1.147825936,3.285835087,0.857125127,2.861131828
AT1G78510,12.524725,12.42585746,9.79671871,4.581489435,2.652339205,10.2111176,4.912738198,191.0408686,84.15041036,6.287470443,6.068017606,13.47583166,12.87870748,48.79980728,8.78853561,12.64371044,5.722450327,11.16012915,9.322408278,291.4410892,8.734370358,7.038575462,7.104673392,9.101667821,7.344309119
AT4G17190,8.66070318,96.61287955,95.71565975,52.41461602,32.09484528,41.92957163,17.06485833,9.423094245,8.111009285,56.40080772,37.00021964,21.84792918,31.02738842,11.91191976,46.39307658,49.13787351,29.59956829,104.2612634,138.2567189,8.680135213,7.069294427,8.97001035,13.49492453,7.831876016,6.387819856
AT5G47770,120.0728316,281.8566849,190.31195,201.0376031,196.7258936,259.9992621,60.53989207,31.48936127,32.84235097,311.7603134,107.6392303,59.86907817,48.94367381,42.65868288,197.0272537,146.3867979,155.9898388,95.15980234,111.7628058,22.27546989,37.53157338,40.1361582,45.10848278,38.5918501,38.02087888
AT2G36310,114.6510759,59.91707746,17.35761917,66.26679302,150.3355453,76.52006649,18.11194497,13.48223016,18.64274984,50.86836126,50.20792518,21.98828956,10.32234933,23.12920404,77.92969845,47.77873231,64.19715986,9.878226432,10.36888048,39.71147886,24.78970612,25.34272854,12.87342509,20.45929793,29.60545054
AT3G53900,6.508748321,18.50684332,41.91667199,11.08574039,5.443322827,11.0816229,20.59058313,7.471972276,13.75557597,11.4097157,13.8443407,22.48003462,28.61655777,23.86647523,11.46209665,12.30190799,6.141822751,14.95669939,23.53595394,17.83617648,22.2098397,23.48503384,19.59450024,29.99505053,23.99515201
AT5G40870,6.434061719,15.90065675,24.66670501,13.20307163,8.521757593,14.90186318,21.62363196,10.90162214,8.649180403,28.70945537,12.73133065,13.88305915,15.17793728,35.68893467,10.84393122,11.59038919,10.82918057,30.46993946,38.38909314,13.95673755,6.990515747,6.690867718,8.859388709,6.17885244,8.004704897
AT1G73370,0.805197426,2.241356102,1.015934847,3.657090774,3.053144549,4.707237984,2.640606059,2.43016507,13.11736539,4.465337061,4.648367101,1.047688584,4.441484606,4.361591787,0.933306617,4.971630167,5.204830445,1.287419635,4.07984072,3.84761239,3.87724074,3.446720979,6.789921741,0.560925292,4.178855452
AT3G43190,2.528404666,0.60809434,0.293924179,2.493854358,3.669656148,3.669656148,0.8607149,1.072654345,0.003737688,1.483028334,84.89195277,1.399149898,0.311084169,1.376506152,0.957979787,4.278166694,5.445943395,0.214807758,0.190115687,0.005866606,0.012455376,0.012598539,0.002046042,0.003702861,0.040435
AT4G02280,7.384345157,8.328774523,2.895963892,7.266922422,6.794464303,10.22694172,3.753193764,4.906349627,2.205909517,5.731414895,1.276253661,1.120816939,3.551776898,0.965929027,18.59209297,8.301189118,7.513290891,1.55646547,1.572901705,3.077893469,1.136089391,1.654627399,0.407013403,2.211344958,2.353355166
AT5G20830,4.946536461,1.185213303,2.69083994,8.781134901,23.2259355,13.20869127,15.35684816,22.676015,20.27529425,11.01294886,53.43834256,22.06806709,3.843593317,10.27693528,3.660526656,9.781937182,10.97604005,8.753936171,9.81176204,24.68173388,11.39363179,11.4909818,11.20947862,12.01089747,8.006362564
AT5G37180,2.586885436,0.727395337,0.390263681,2.445353056,0.25086915,3.675521553,2.347525883,1.332277563,0.218712955,3.314287631,4.935666376,0.779580642,2.134457969,2.643723022,0.741340868,4.205559303,4.352561381,1.015404804,0.253288927,0.439344936,0.012455376,0.62696519,9.627205129,0.003702861,4.014707392
AT5G49190,0.112571135,0.639601719,2.425771478,0.415618381,0.069809656,0.311809332,0.993846118,0.715683084,0.07755098,0.901201139,0.501756117,0.641204681,0.91496134,0.243991527,0.509921097,0.503658546,0.362143573,2.363206433,2.982533305,0.691940884,0.616533977,1.054326699,0.115896664,0.060009848,2.369964699
AT4G39640,9.581007024,21.83883453,4.22256899,6.317925859,23.00592798,15.94217843,42.44106878,50.88652401,118.2114843,12.72116532,28.71615454,57.42066144,11.72441206,41.34157503,6.168470283,3.628657812,6.621572019,2.438047331,1.319568521,62.83065514,13.99205232,16.94623543,3.006296507,21.11249903,13.21922067
AT4G39650,0.00501757,0.188513495,0.783712219,0.048028178,0.605195839,0.078853477,0.006377966,0.05428156,3.84932076,1.323388593,0.17916506,0.050396674,0.005155121,0.004595154,0.095013847,0.084346398,0.026524585,0.006364689,0.010689427,1.781586209,25.4736032,26.84258053,9.719127612,30.43451753,26.90225723
AT3G14940,94.67432483,46.58831319,5.157657662,91.4878393,203.5328072,107.9113188,3.977729516,5.803324497,0.657174193,83.48404056,91.15755151,0.928661585,0.44516189,10.90349089,411.9708176,480.3897457,487.3237793,1.349631245,0.244768529,0.865275609,17.27141829,17.65871835,12.32435646,14.5726386,17.9380615
AT4G33030,9.020769466,9.372402352,13.04623569,8.202534513,10.91893091,7.067414008,78.10983887,43.67322142,39.11733144,24.44959952,9.387007242,43.81691926,255.8389298,73.51652136,9.938034681,10.49533235,36.07297522,15.94819684,20.47447239,43.7733952,16.44129454,16.5114497,18.42174966,15.9633721,17.4254074
AT5G01220,18.74930099,26.57118111,12.63911894,30.83960894,87.88681342,26.25172273,55.22585042,34.96182977,36.58330797,18.1852423,15.54474967,26.02735861,70.81556256,37.35225821,20.49641964,25.76370929,314.0492134,9.642124419,11.79632356,86.83207965,4.897470718,6.566744182,4.627398627,4.584888322,8.407682903
AT4G33150,12.43796051,4.185237083,2.572296365,57.36659809,40.11667635,30.85325341,2.857068435,8.007803777,3.220307627,63.82801833,15.4632553,4.942725433,2.961099149,4.490007016,24.74260206,15.86534789,36.69923018,4.520143377,5.313021004,43.88637543,60.21075836,61.37766836,38.52062653,51.91574667,61.16175257
AT4G36400,19.78514146,12.01275458,9.253250031,21.46138352,12.79730816,15.12178448,14.46586101,9.599005868,7.577999661,8.004704897,9.237652707,9.4105037,20.36079164,8.078536375,13.34578602,10.12054916,13.44088521,12.96045787,13.89745209,18.08421787,11.14405317,9.180209248,3.104291757,6.873733329,10.69466994
AT1G01610,18.70232864,0.375514564,0.007091168,18.41818719,5.627771107,99.6690021,26.22930073,34.62157113,1.383799971,5.712204385,39.59843934,19.91686355,33.86481419,93.34122716,90.17559071,67.80116642,48.69747807,15.25147116,42.36248337,0.616533977,3.13916508,4.346521078,15.67032598,6.566744182,0.040435
AT1G06520,3.204857217,0.320788926,0.007091168,0.1267007,0.233146533,0.194131203,2.13071444,2.453307975,0.453610715,0.126644543,4.173962907,0.359545998,0.191736158,2.900359017,0.161280712,0.10703303,0.298960314,0.194131203,0.165004204,0.145699229,5.15020272,1.727897652,14.82129352,11.92117166,0.040435
AT2G19450,30.48375156,16.80640921,13.4182749,20.73940204,92.69771894,11.24631549,0.950531353,1.65539021,33.79795347,40.40555722,25.09123741,21.47043152,12.17472385,0.797697495,20.34499971,24.74260206,23.00592798,9.519561087,9.885958776,18.23249889,271.9071172,273.1690579,186.0320282,233.5779703,280.6698285
AT2G38110,0.588515342,0.006210258,0.007091168,10.3771528,0.002397975,12.98063984,1.455527454,2.283263085,0.046298067,1.915218686,11.80551624,3.798593159,4.136738598,14.53689657,28.23623253,18.56270406,26.00101131,4.90194679,4.538288431,0.232634226,12.59436552,10.28594177,9.068090002,15.77761156,2.604127527
AT3G11430,8.120629649,0.006210258,0.007091168,17.44456461,0.044817153,30.33078717,0.006377966,2.479469277,1.588123664,2.592487949,11.82541891,0.092126187,0.001915474,0.847112957,47.73786714,19.39511453,29.48980658,0.042692449,0.005363813,0.699578572,7.392020804,3.222783994,1.484426921,6.750245904,0.040435
AT4G00400,12.97296153,0.952293386,1.037499702,2.773859741,14.59713952,3.776955658,76.61215122,15.22989706,1.282251075,0.980906194,3.765107144,15.80070723,28.3380451,53.30084246,4.381607841,3.074259332,2.415435254,54.80163156,133.4370054,0.271870315,0.012455376,1.007399906,7.003075898,0.703552922,0.040435
AT5G06090,7.281278663,0.006210258,0.007091168,2.984103074,0.058004986,11.32596911,0.006377966,0.741906861,0.424546908,0.450340647,7.364268684,0.057307312,0.005207882,0.258590081,14.70384963,4.652341066,8.707334634,0.003269113,0.004057492,0.005866606,0.012455376,0.012598539,0.002046042,0.038667815,0.040435
AT1G15080,3.288885895,2.764591353,9.241717574,1.551561175,1.135422178,1.721210972,6.312058405,3.452786499,2.549131577,3.053144549,3.046602392,3.771865515,6.230240313,1.886785075,1.255930844,1.868767779,2.192878046,54.74534993,36.87997916,5.844110892,0.012455376,0.012598539,0.842909946,0.36778203,0.040435
AT2G01180,21.66126191,16.49859658,5.990771477,11.53089555,19.48234063,14.85505144,9.064229974,10.98861786,253.991144,14.61700905,28.4679993,49.03740126,2.487923769,8.949578516,25.05566518,10.90029071,28.60243421,4.705251555,5.475131259,67.72544575,28.92185553,27.15550149,37.0821997,34.49601707,31.18340763
AT3G09560,8.365296086,4.858436774,7.22673348,8.542490809,31.05321436,8.582444949,16.5333392,10.91740864,32.4605851,10.60198346,10.21302105,5.371212839,13.04802563,7.037080931,15.75192846,10.73582144,18.5569084,10.11766204,10.29477797,19.48234063,30.68316646,31.35868653,23.24612137,31.52422088,33.36666631
AT3G50920,15.13199546,18.96757193,32.71956144,9.522733324,10.37866892,8.277561556,14.36340472,9.240085312,8.671769268,13.96478168,9.921247993,16.10866021,16.99411135,7.624928935,7.242561236,7.770833911,8.351969385,127.5825533,184.5489906,8.767925793,6.706879946,8.772087062,8.979701457,8.136604741,6.791722001
AT5G03080,73.31377132,69.57953983,29.28217897,42.3072193,67.4892951,55.02271825,28.67347019,26.61287823,36.2196703,21.6490519,31.3326328,20.89858977,15.93380177,10.33207755,44.93542089,43.48305607,41.18902444,40.58102856,47.98280805,18.25931642,23.23613435,22.0983837,19.89647229,22.95486001,26.16397586
AT5G42870,19.24950237,14.84253791,8.268041365,22.94848533,31.22677377,24.90725274,22.27546989,11.79854173,13.38217495,21.38373522,18.15759058,13.57393623,13.12348345,5.781731836,27.42603253,23.17931356,30.73925048,8.333208973,7.763783503,11.50384869,24.04764611,24.65614782,19.16936878,22.02218431,26.92955859
AT5G66450,10.20508076,14.98645465,21.99918337,7.073743885,8.342464912,5.982082632,13.47583166,10.70003112,17.81987899,10.02110691,8.5069784,9.467372377,7.10343676,21.8339829,5.335983304,5.797227784,4.422356273,48.78358775,36.26359928,17.42270373,0.012455376,3.969785872,0.676888688,4.451271809,6.089987615
AT4G30340,6.361225839,5.816445718,19.79299656,5.840450222,17.36112121,5.647720075,17.89797973,17.03001249,12.17472385,7.041991313,7.603484361,14.24070465,18.60266477,12.07054181,6.976368348,7.221163452,4.962754535,20.47858018,26.37055189,8.556684795,1.931778062,1.80644706,6.180020422,3.204357857,2.724468202
AT5G63770,4.896141574,6.926459975,4.250988807,6.283707389,12.16248093,6.697057327,10.07823828,11.18294784,47.08565409,6.609310423,32.51097355,10.09639639,6.957972223,5.519212346,8.620096711,8.407682903,7.179406137,7.612533068,6.372932446,9.780384542,63.38792454,63.28455021,60.16847416,60.83546233,65.40335757
AT3G08510,22.4322397,20.31464215,17.70746486,45.28154029,23.14687685,40.29772056,105.106655,68.10521762,33.28974817,67.35774685,29.48980658,161.834222,96.21616078,54.36110806,36.47341409,50.95959782,92.47953722,86.66643526,63.73823344,68.75865279,50.1546842,50.05914745,60.8920456,52.49365112,53.33930856
AT5G58670,0.607040666,0.43196936,0.007091168,5.661414268,21.44842024,2.476061469,57.94138684,25.05166048,77.31477682,0.520830219,16.25813899,45.57005587,2.25567743,9.517355464,2.418641393,4.214713686,3.828971201,0.568974364,0.482666887,6.49496776,0.012455376,0.012598539,0.291259453,0.127283251,0.040435
AT3G11170,7.81779341,10.89089566,17.37237977,9.92921664,54.57758525,6.20709147,252.9938998,316.1733995,673.7325321,17.44155798,48.61515318,107.0954883,191.299446,343.0542421,17.22041084,13.83888409,7.157050981,23.82922917,28.50013702,375.138916,44.90412237,41.38727144,35.02441852,34.48621493,42.10717401
AT3G15850,3.315501537,7.862773856,18.41681543,6.418102569,9.912352692,6.45442385,394.3544264,224.5838399,173.9246608,22.83468365,6.128472875,92.23410767,140.4169242,402.898104,8.808594165,8.554982888,3.655855818,8.306009856,11.89852851,267.185368,3.366370644,2.032369059,6.063575378,3.143607949,2.92181374
AT4G30950,30.37896116,39.40680698,52.10325291,31.66777065,15.18061096,24.63850331,365.9435471,428.1550828,387.8801435,48.73426437,31.45500861,212.6318321,251.1351018,307.2887019,35.04469904,32.00851552,23.74140081,96.93072275,133.1535799,497.3754198,22.24709085,23.93138686,28.76115369,20.15177284,21.36006975
AT5G05580,1.609165272,3.106448746,9.558520279,1.933787301,2.658237126,1.68149992,42.2747516,26.94611999,36.00414779,4.785733626,3.763792104,17.18790888,46.53068681,174.2133345,5.645322906,4.139667708,1.702580867,18.68936297,25.47876031,134.0298277,11.29702736,9.863763937,6.92245041,7.726419179,9.849134605
AT1G70560,4.671029057,45.55598235,20.0144964,9.184790333,19.03182565,9.55424814,9.670485729,4.414713338,0.187264628,11.81771488,11.11040595,2.71042131,10.68417183,5.596588153,14.48727605,12.82221604,6.742610541,6.667944027,5.758957928,18.69483056,2.724468202,0.012598539,0.261438928,0.620170081,0.040435
AT4G13260,0.536143919,0.341024588,0.007091168,0.437019247,0.18814066,0.143621984,4.144481344,0.68236607,0.003737688,0.102706468,0.89436803,0.553662843,2.118247131,2.322947278,0.58094142,0.382041642,0.190115687,1.343818286,0.327539944,0.245231565,0.012455376,5.364150753,0.715268695,0.627476942,2.665684056
AT1G76490,100.7153076,136.7521251,51.01994389,548.3283236,153.606831,360.3136494,129.9414979,524.1594508,291.9357553,492.1522289,134.872204,116.1032581,57.94138684,266.7118115,218.1329677,182.5819892,156.3526063,28.76875593,41.74848334,144.4670019,293.9389882,302.9728289,196.7258936,267.185368,326.6466415
AT2G38700,66.15324858,140.5182808,99.00914068,123.4391187,112.3775813,104.5001959,28.32014199,23.74140081,25.80794462,181.0076268,91.32117243,21.46138352,22.69270085,24.48924241,134.7667575,130.9538369,82.62843732,14.43454997,15.11476182,16.45664187,21.84263949,20.20831271,17.18244338,18.28216257,20.93240485
AT3G02780,128.8054841,229.5100654,136.2098957,155.0513505,223.8145218,163.2387858,39.4173098,26.75806539,29.08713543,350.7077014,140.2555284,34.87290639,67.4892951,36.46524767,187.8792939,181.2290847,136.4852438,25.34859619,32.24288488,43.82957823,20.20831271,18.73069153,16.57306763,17.13291811,17.34569285
AT4G11820,63.54560653,116.6354139,123.5562372,131.0705267,242.6363921,178.5435873,48.94367381,10.06045382,16.32438864,89.66750043,84.70866352,24.02331874,29.37604103,28.86247504,166.7928297,130.554491,113.3769989,28.23623253,51.09596591,27.08086475,81.04229168,77.16059397,66.08810726,68.44912441,76.2687025
AT5G16440,39.7025183,154.1245613,128.7070052,78.25651986,56.37352698,66.92691987,29.84223775,17.97709191,14.49807923,152.4924532,64.66299786,47.54750863,29.38222998,17.31484248,71.80748265,76.98024235,41.82569217,9.234569202,10.83563375,25.70844444,10.71412118,11.13728849,20.91533476,17.27658453,8.280872266
AT5G27450,44.84685266,39.88760899,25.61592953,54.57758525,30.90935033,48.63309085,8.301189118,2.779043264,4.174981523,32.63371787,35.55502473,7.837267803,12.69819551,7.077725997,41.40400329,36.71993136,47.04037526,27.10968324,37.18140565,8.171958956,40.83498726,41.8382201,44.89006209,43.38285526,37.10608392
AT5G47720,33.06499075,5.597191178,5.860922526,42.09284106,14.83834703,46.55897902,7.130532994,16.2108594,11.42478205,25.25102962,43.05714718,10.21760543,2.816476943,10.52080114,13.88305915,27.20320885,48.79980728,22.50342491,6.014645788,4.82646261,0.958969979,0.012598539,2.944939143,2.013416049,0.040435
AT5G48230,106.491223,205.7589258,117.509262,143.127196,182.5819892,186.5563957,26.10910944,25.85562851,12.759036,161.4783001,119.7825954,28.98650799,27.9300989,21.30066939,177.1489459,142.0078841,117.2504425,31.26103294,35.81082744,17.9260528,12.74307816,12.59239989,13.03671718,9.14412732,13.29014992
AT1G67070,4.915691877,1.031904268,2.387418241,5.512911994,60.07628777,3.389725501,4.037647582,5.564637997,13.84118669,6.680899103,2.276112995,0.725691844,2.823884268,2.828939376,2.17796039,1.777329221,1.326878799,0.349495428,0.352393241,40.07519336,47.32574125,47.39541508,29.21725203,52.16361573,54.69012484
AT2G39770,79.61595428,136.2098957,69.42267764,138.2567189,444.5349161,134.5220028,163.0739613,113.6577576,207.6486632,229.9335384,187.0277811,119.8822372,157.228543,79.35884269,141.0718775,137.0303629,145.353145,72.46376765,73.77822842,87.10247568,534.6554438,538.899226,600.6658448,546.0803641,512.8930771
AT2G45790,92.00202469,385.6248386,213.1662704,180.7790383,172.4366313,135.2019989,84.20391011,46.00405254,32.12612431,108.2892568,178.0775231,87.48800767,120.9896603,38.26412411,142.981864,172.2295123,112.0483176,15.19649765,16.16520994,51.13246366,16.67180628,13.48936288,15.1240638,18.44449585,24.1462646
AT3G02570,28.5200072,70.4366479,31.70171452,41.9703592,51.74695395,30.00735074,85.70738748,29.70329233,53.89346081,23.85739712,31.88403262,58.81931482,102.5431436,56.44858561,41.51467398,44.03895349,35.76911251,21.59938999,21.67313023,31.56179473,81.56912485,82.54383313,66.15324858,92.88432526,81.29000234
AT3G02870,12.55775526,26.85050232,32.79317069,16.57979628,9.257465605,14.6695611,175.9950848,23.93138686,22.30486607,9.456954464,30.32396343,25.86272395,74.33600142,65.75905999,18.81433522,28.04808196,34.28278462,54.82482314,48.56262944,31.21392308,16.61053958,16.39938708,21.89010039,18.7764956,18.5815026
AT3G47930,7.803249947,16.32438864,23.16639271,11.94078507,8.458298751,13.42892063,15.36193868,12.56719434,11.34752963,19.03543028,21.34361394,9.376145615,16.80495142,36.47341409,18.25931642,23.05303858,9.095721494,22.53928798,22.59611087,11.44980163,12.16863161,11.34553448,8.895700108,8.521757593,11.99527979
AT4G26850,29.80294932,16.38907589,6.244237358,12.31945468,11.15187815,33.02029604,509.1744169,1476.086262,440.4001457,22.77726144,20.77714128,65.75905999,224.5838399,355.3339552,23.20710998,28.62720002,17.05659981,40.41959066,38.33234549,845.100937,98.86794018,101.3767166,108.8317474,103.4057806,110.4184818
AT4G33670,14.03928602,13.53565196,25.93451889,21.01446247,7.529610975,10.04234754,42.94055036,28.38071623,30.17722122,25.14998339,11.67701135,65.36791653,31.32326381,12.04478295,9.579183754,9.595707811,13.497932,15.88713972,19.14315995,62.99332942,21.08604926,19.61110421,23.29015282,22.63780179,19.17205237
AT4G39120,5.096181152,16.37941702,31.95413405,16.6138946,5.566310973,12.95303609,18.50448754,9.112590926,8.385467263,12.77154118,16.69979442,3.243159441,17.92272903,22.35076312,21.65415655,18.69194011,12.38655797,10.52515119,11.18294784,15.17143498,1.24939389,2.595507006,2.831460971,0.060959178,3.295209685
AT5G28840,29.06176215,57.86506981,63.1111421,48.90875839,48.39475289,62.31905076,203.7985025,381.6552656,207.3343646,86.56922557,52.00236108,99.20899617,270.4585795,90.17559071,65.33901776,72.46376765,43.39570256,77.20142171,90.38011929,622.2497549,37.47743543,37.18140565,36.12186769,35.66597479,33.98141466
AT5G55120,28.53922998,18.48131216,35.76911251,23.71554827,22.54438425,35.09537727,25.3550116,15.77197044,67.96236954,15.5022051,61.86234797,24.44959952,47.04037526,20.02874901,27.1423083,27.73334132,17.19480401,43.9716243,55.93164769,36.2196703,11.63643421,11.64812618,13.16615456,11.43363182,9.097377165
AT1G02050,2.86729588,8.87293396,26.6699088,2.899444115,3.201942495,5.468456354,1.452362678,6.264956034,8.71190323,9.980053158,5.398857974,6.094459254,1.860620102,3.292999972,3.760973188,4.606201062,4.57907022,14.95916798,14.31827367,6.214469623,4.703524547,3.843593317,10.97856167,3.237217307,6.063575378
AT4G34850,0.18006378,1.155912848,0.56493932,0.1950152,0.246775272,0.112139775,0.247830678,0.214176431,0.226888677,0.393895897,0.295195074,0.481301665,0.198236642,0.217607301,0.17219652,0.096651463,0.093183554,1.065489827,0.902587026,0.200789908,5.852447011,0.012598539,7.219858395,1.997405265,3.275503523
AT3G50740,0.248717677,2.810199014,3.998441142,37.36339887,38.26412411,45.51107316,20.95041722,16.21656689,6.619020203,8.299880418,35.18255849,27.9905713,2.790529375,7.736110309,47.89089279,91.21193658,109.0890201,0.418592016,0.126478629,24.28870417,10.25423181,11.52300036,3.347398491,10.84174465,12.90509958
AT4G16130,4.200286266,5.684741733,5.569176369,7.617609374,7.892451372,9.276211453,21.45231052,16.35547807,11.44730389,24.68173388,7.524882505,8.645438162,13.86165832,10.73850131,7.918617473,8.181136194,9.112590926,10.16083714,11.53573658,23.20203731,12.62735905,13.54450527,9.214720151,12.67012197,14.57836467
AT2G07050,13.04802563,42.94055036,36.87997916,47.67756299,41.66621448,61.9906781,68.17372275,39.61005016,30.25851021,45.58338836,48.51468265,29.62670941,42.3340881,56.68219237,66.15324858,65.90759223,40.70373028,20.72500582,18.31101878,28.2148711,15.94488531,15.1240638,7.969853549,13.01491287,18.34082919
AT1G26380,6.768181754,0.275270841,0.007091168,0.032998689,0.27101342,26.65777194,0.006377966,0.847949693,31.43249791,0.371518434,0.789602999,4.87465531,0.110995694,0.204085313,0.178149361,0.408665195,0.433576638,0.038695015,0.012709717,12.09915058,0.012455376,0.012598539,0.002046042,0.861015712,0.040435
AT2G22330,6.761429177,0.514067454,6.125953566,197.0272537,2.845923483,89.0533473,15.78940513,77.54279532,7.890757498,7.889264363,187.4994449,28.63582472,6.041375512,32.06784809,41.31652497,80.63222947,40.20794611,1.222609367,4.319002461,3.487218094,0.845950528,0.891203281,0.00617212,0.036941908,4.499619137
AT4G31970,0.00501757,0.006210258,0.007091168,0.03366634,0.002397975,4.131927427,0.006377966,0.070947033,0.003737688,0.037119445,0.437718383,0.119624024,0.001915474,0.004595154,0.00395247,0.055946568,0.003641724,0.001431466,0.002758598,0.508983392,2.09276295,0.012598539,0.017999608,3.614368881,2.823136184
AT4G39950,22.02218431,1.83759605,15.299349,77.11046796,12.9160021,105.8587081,16.17018356,59.48148349,5.516501722,4.184084479,383.5544192,14.13993523,21.29663452,37.82656499,62.52235046,94.42998741,54.92867356,1.158084703,3.279100146,4.964976375,3.62975598,0.724721262,1.689537399,2.22754404,4.586571034
AT1G79870,87.43057569,55.47791892,40.36517047,48.30205037,25.25714058,41.58930015,68.90891087,60.53989207,35.85992544,62.60434097,44.72163771,58.18051195,37.89114339,59.17829892,47.08565409,42.1998918,49.61408247,60.23642756,69.6099125,71.91723423,23.89710953,25.27661242,25.01303633,25.83455818,25.25714058
AT2G13360,2.174226749,3.567307421,3.992343629,22.23054174,20.88375101,63.96708273,982.6827007,1402.787215,1103.778886,160.2340964,7.164561299,868.4735012,471.7480039,1013.439702,11.36875062,8.451536575,0.003641724,11.59963438,6.374399765,2793.619314,9.288930093,9.530366798,11.39769968,13.51665658,5.362822057
AT5G34850,164.2885484,102.2340247,39.01743858,134.7667575,122.2639682,164.2885484,141.18848,82.99156357,33.8990056,134.1625989,120.0728316,76.98024235,100.4196782,171.7572635,194.1296645,190.5766528,120.1660523,15.0007147,16.09777618,89.40021798,125.9042329,125.1726188,97.04492539,99.42217583,117.8514484
AT3G57050,27.86357525,38.81711337,57.0824811,78.8216154,19.94451107,42.24692486,73.25122386,96.98895645,64.61886562,76.98024235,79.22192124,59.12891911,48.37881148,71.80748265,39.69340611,57.2203696,46.49865264,62.67087001,89.66750043,49.34987909,11.60692689,10.098371,8.815162322,6.247709793,9.324946492
AT4G23600,0.00501757,0.006210258,0.007091168,0.002301972,0.289920072,0.104352461,105.6871391,58.92044405,30.05884787,0.003760498,0.101411396,75.50017104,97.28267399,41.59988959,0.03878699,0.002842578,0.02478549,24.97677356,105.2429809,24.81728622,2.076608465,3.18641377,0.018492185,2.357795427,0.040435
AT4G26220,140.5182808,1.64058313,1.397986625,97.70619077,10.09484036,50.67572113,1.380194933,0.892689075,1.804244679,19.37195912,76.93609398,0.611242168,0.568559762,0.591465387,68.23136996,46.74788853,94.42998741,0.460581586,1.028409114,3.397446538,2.006362521,3.753193764,1.548989081,1.322124083,0.040435
AT5G07990,25.19000317,41.8382201,3.332408343,0.33168943,1.218491106,4.062348633,2.452328098,2.209201356,0.054062304,1.030691842,27.21437387,2.825486376,82.33743989,16.06511747,22.19048142,35.53158554,2.007803732,59.17829892,195.0009994,2.25405885,3.145114195,1.051182428,7.935832474,5.930432233,2.754674169
AT4G02780,0.00501757,0.006210258,0.40839104,0.017563266,0.002397975,0.071978057,1.000713366,0.818266165,0.039220151,0.03745015,0.015285836,0.308662784,0.357420574,0.900819107,0.00395247,0.018118778,0.023847309,0.990273147,0.106009431,0.005866606,0.641204681,0.641526522,0.205700025,0.206789596,0.040435
AT3G48990,266.7118115,55.11961183,27.85604473,156.3526063,728.4514007,211.1462007,118.1061271,227.0163063,204.3758554,522.6225646,305.1589931,124.6823334,183.0182102,74.33600142,291.4410892,316.1733995,455.5814286,3.058785776,3.860502005,476.1238773,37.61773718,36.63028515,42.1998918,41.3289701,37.4076242
AT5G14780,13.10274495,0.895963871,0.308083901,13.53847797,7.096649722,12.54210676,89.33255792,384.3988142,129.6128972,25.54723396,6.45442385,115.3447588,130.6849578,69.49522722,11.64247258,8.098879539,5.352620208,5.670010984,6.546422218,316.1733995,10.92335251,11.51509216,7.072588483,17.07150014,8.973398345
AT5G17230,14.27599999,6.159081267,4.535202505,5.648919633,9.387007242,13.29014992,339.285028,298.0095874,242.6363921,6.689509679,10.1520596,110.1251161,321.3989387,174.7914937,9.274655811,11.68174994,10.07156024,62.2612102,48.67781323,245.9402265,18.14303083,21.08260551,13.17450439,21.20869535,19.1801967
AT1G51680,361.8034494,9.396684288,2.257290242,152.2930957,47.14111078,224.8564988,109.1808862,104.0399687,89.98524329,24.87346405,129.7318703,22.42497752,67.56122302,232.2461837,289.0261549,199.6287618,163.954797,12.85275874,4.185944493,116.3006903,6.631768466,4.330285559,0.49297921,6.105830079,0.040435
AT1G65060,17.40414865,22.36470091,1.460777439,1.12393624,2.126231997,9.892908826,4.389639647,5.032689013,3.427572883,0.412282603,22.59051601,4.284656427,28.16857574,35.82219355,28.88676917,38.32340582,2.205909517,16.77907669,20.08343999,3.992343629,0.777965446,0.012598539,0.699131288,0.361223535,0.040435
AT3G21230,29.14524082,4.07984072,2.31537755,9.620818801,8.37190385,16.25195128,6.085983265,9.043405669,29.59448712,2.714304319,81.83840935,2.20511817,1.021320587,5.861797617,25.91637282,18.25362566,31.90027398,2.212124258,1.533622143,2.733396139,0.012455376,2.164229707,0.04087368,2.169010173,0.040435
AT3G21240,116.3006903,18.10035085,5.845778223,35.64917947,31.61252535,79.77246545,3.701906268,7.859470566,4.306468142,7.974916404,68.75865279,3.233779594,2.68886533,9.865629354,85.36939257,67.42595455,64.69784079,7.379334056,5.404564257,8.259500101,0.923394768,0.012598539,0.789602999,1.399736283,0.040435
AT3G55120,100.0015672,74.02316394,4.978757994,3.020779475,3.330707333,35.79324462,9.980053158,15.35684816,2.347525883,1.789099157,178.5435873,7.779577348,75.46683558,19.60733285,161.834222,162.8647845,11.95448379,29.00885778,42.1998918,14.65984163,9.597284564,11.02379519,16.45309736,9.360115815,8.14871192
AT5G13930,735.5972872,500.7343454,20.47858018,46.62162398,34.46686713,510.9953953,38.7216637,25.42786163,10.39102265,114.0579421,2312.847136,56.70686289,415.6313426,614.6001435,2844.286143,1334.030028,132.6400624,282.3492432,630.8277134,19.63272056,6.841359516,13.01318745,13.8805533,11.2934152,3.012723351
AT5G66220,0.00501757,0.006210258,0.007091168,0.016022438,0.002397975,0.003720747,0.006377966,0.004310156,0.003737688,0.003760498,0.002419969,0,0.001915474,0.004595154,0.00395247,0.002842578,0.003641724,0.001431466,0.001312908,0.005866606,0.012455376,0.012598539,0.41238763,0.003702861,0.040435
AT2G13810,9.902959247,0.315070838,0.007091168,2.650490825,0.050159792,6.818171745,1.958834791,0.101411396,1.26194296,1.336553463,0.30832453,0.791241038,0.001915474,0.366564759,2.978617092,1.234497238,4.675029716,0.016442513,0.004542761,3.648472145,0.012455376,0.012598539,2.919897113,0.055350178,0.040435
AT5G52810,25.23693597,8.009587796,9.207180315,4.587804219,3.844606489,10.15388395,17.27141829,9.314739369,19.53593148,3.906817305,6.445313128,13.96740675,15.03100941,24.12702129,8.203953427,10.45676218,21.79848292,9.980053158,11.4097157,21.80814611,0.012455376,0.012598539,0.002046042,0.003702861,0.040435
AT1G44350,6.644387049,6.907926576,2.205909517,3.0650228,115.5439921,4.341200772,5.544148675,5.895931166,316.9509472,1.899987473,30.17722122,9.208181806,1.455527454,6.341918941,6.832308378,3.48208653,2.893885685,4.400604663,4.516942213,24.2223841,9.073822736,7.188933689,4.169391832,10.24268478,4.445407624
AT3G48520,24.29398154,0.374606616,0.007091168,0.861907701,261.3512954,3.741667574,0.329090604,4.608056424,544.2505771,20.57861617,98.24326686,14.75480077,1.664352216,0.361622122,26.50362966,2.22100421,6.399033379,0.30406705,0.112818341,5.063831551,11.34377596,4.141646335,5.07183601,10.50019555,5.445943395
AT5G07010,8.339567097,14.19663232,16.55227559,6.789921741,68.48827212,13.25189668,3.447551193,0.603111486,2.051442349,18.97665985,19.00597284,3.408907708,2.437207711,0.442410614,10.42906896,8.394021109,5.24898255,0.251443232,0.316401387,0.294953671,7.847941045,7.707880744,2.189294801,2.932696557,0.040435
AT5G63450,6.575271371,1.106927016,0.476802038,13.91471791,54.38440866,28.57378462,0.33168943,0.370206955,290.8250697,10.09484036,46.60473964,0.20615539,0.307375342,1.195544281,26.85694274,19.98274639,7.107546849,0.004332886,0.011106792,5.458533859,13.01491287,11.10036629,3.928634179,16.01561986,12.06604389
AT1G51760,76.98024235,29.8921268,20.63730823,50.24860308,165.9481094,41.95841201,7.170737186,21.63618602,651.1330987,89.4535554,116.7195058,49.00198272,16.26115837,13.04161632,47.98280805,36.39363657,37.85402415,19.08028394,22.26560916,42.21253759,13.27721903,11.76268468,12.99696706,13.35188516,10.74484513
AT1G12350,21.75388784,17.4528641,17.45987877,23.54126232,13.96157738,15.18437073,22.65399021,14.05039737,12.11783648,16.75585443,12.4010436,18.14019353,11.29870659,5.475131259,13.81641203,14.19663232,17.66243629,45.19649215,42.21253759,20.46350392,21.68291805,21.1996836,16.92288297,20.08343999,20.77264615
AT1G48605,8.742993734,23.31793264,29.17205497,12.02053109,10.46478374,4.041743304,1.851678425,3.069426933,2.536150644,11.52086794,10.23210873,3.129231704,0.683093428,1.132885982,4.544791151,3.53259586,5.293566663,4.476404129,8.128873447,1.917072998,0.012455376,3.903112829,2.016281948,2.703137442,6.683742194
AT2G18250,45.96041366,40.20207205,44.67495453,36.26359928,20.54268051,16.29855323,16.87965081,19.24137947,15.91827596,43.73942902,21.00892136,21.65848692,13.0044379,18.03085782,17.62614912,17.11825471,28.51233165,51.96081726,46.00405254,33.09962859,10.37067425,11.23154657,8.209456034,8.020657458,10.05352996
AT2G27490,17.76038166,18.92174648,22.86850868,10.28594177,33.42979243,13.17450439,12.97767476,8.784295359,21.89010039,32.67964522,9.865629354,11.28696912,11.13531074,3.89220688,10.60932431,10.86186902,12.38861767,9.921247993,12.55775526,20.70060274,28.89260837,29.71017246,19.2760431,28.54721495,26.0361536
AT3G18030,9.670485729,24.34638265,50.28171392,15.45430914,8.279463152,13.84118669,9.805220327,7.006032984,5.123486084,33.78884086,11.56496463,8.962487716,6.105830079,4.064821765,8.266175971,8.683731394,12.52818971,13.13624282,16.49859658,8.37543548,1.491591661,3.409800988,9.002330786,0.112664228,4.956924603
AT4G28680,0.00501757,0.006210258,0.007091168,0.002301972,0.010475037,0.028328354,0.006377966,0.004310156,2.586885436,0.003760498,0.013555748,1.344665677,6.095630297,7.390942668,0.075365872,0.002842578,0.003641724,7.689480705,8.487295197,0.306912232,43.82957823,43.55190213,69.49522722,42.40294137,47.59204615
AT5G05260,0.103796491,0.399514463,0.007091168,0.002301972,0.01208519,0.055804978,0.006377966,0.004310156,0.003737688,0.003760498,0.196904047,0.010865083,0.087275649,0.004595154,0.101146938,0.039686155,0.027294667,0.043543985,0.006458398,0.303030191,2.384415427,0.880391959,0.002046042,0.003702861,0.040435
AT3G51820,9.172951762,4.940460569,4.432918108,3.190460876,1.122662685,4.746107329,141.3364849,153.606831,152.1435476,6.865564078,11.17190723,92.82910818,145.353145,127.9675016,9.032046185,12.32435646,1.715789887,64.66299786,95.34157543,145.5455972,51.47074344,52.47545464,44.81716241,60.28169167,69.3172815
AT2G34630,38.88055065,43.22618028,51.20669096,27.40771414,45.58338836,38.35546093,36.92183989,26.57118111,25.3262586,31.28705872,38.93869239,15.61153765,43.57635471,45.85765233,59.91707746,59.21102288,30.40158551,29.93684509,43.9716243,38.29969384,19.6564107,18.33624506,18.30724077,18.94564073,18.48131216
AT5G04330,12.3059521,10.25856559,1.601109387,5.99715311,15.2908766,10.55064274,2.368798709,2.949197217,3.951939068,3.423700633,10.82561218,1.745867881,0.180875754,5.032689013,5.057813461,2.493854358,8.786406906,0.453911409,1.014175432,2.885990043,4.801081095,6.976368348,1.446006783,5.644114552,7.838879729
AT4G15093,142.981864,35.67563146,5.848184233,103.9629621,44.0770767,48.78358775,7.53674965,5.999403444,1.800318316,22.89289917,45.70043475,5.608925102,4.601862092,4.743545045,46.13879829,51.54479886,106.8819066,2.599039078,1.884399594,1.443319951,113.7788045,113.6577576,128.7070052,105.0163949,104.1175974
AT5G54060,0.00501757,0.006210258,0.007091168,0.095448705,0.170357299,0.148175913,0.225641501,0.29686732,0.003737688,0.26968566,0.138321416,1.316982474,71.14662226,8.720405013,0.606050744,0.206625977,0.224494189,0.972486744,1.452362678,0.710073716,4.468703698,7.069294427,0.021123966,3.926440868,6.969049334
AT1G03940,0.705826895,2.020786709,5.552289286,1.1294703,2.321823781,3.809060666,1.529242081,0.107765422,0.844598096,1.0098605,4.399485244,0.868483301,22.64189471,15.40953576,0.265895747,0.022235452,0.026345228,1.974731701,2.637407228,0.285166729,0.012455376,1.062578977,0.002046042,0.393042835,0.040435
AT1G03495,2.212814851,0.788519162,4.396110919,2.123469585,0.626651736,2.493854358,2.124181457,0.115896664,0.161280712,1.054762994,7.384345157,0.841024324,13.08421544,25.73612978,0.294953671,0.01893872,0.003641724,2.137036169,3.018182682,0.396941265,0.012455376,0.012598539,0.002046042,0.003702861,0.040435
AT2G29090,0.00501757,0.467172886,0.007091168,0.078992566,0.045720276,0.042725174,2.819340019,4.002277753,1.625598512,0.093893236,0.041506054,1.530211194,25.81462777,4.396110919,0.037887922,0.04860878,0.003641724,0.925784444,0.68101725,9.226389153,0.838759084,0.012598539,0.006377966,0.791241038,0.040435
AT3G19270,0.00501757,0.288165704,0.349888829,0.034527064,0.002397975,0.003720747,5.935880973,4.744696536,10.70700716,0.003760498,0.059494675,1.195544281,1.20391511,4.188072124,0.00395247,0.016748999,0.003641724,3.494817152,0.927896206,0.438421844,0.012455376,1.210447337,5.171035276,0.054356217,0.040435
AT4G19230,61.60796378,17.41004312,5.181855697,21.71692453,274.2271824,14.69870526,1.831102664,20.72500582,10.88942986,13.29014992,19.97240215,4.223555886,2.23109029,1.499848958,47.30919106,23.4137645,8.628289182,18.97665985,4.385237013,0.36807459,4.302602628,2.588712457,1.07728541,3.566910087,10.63198254
AT5G45340,4.299660194,1.911887178,2.400093255,5.39047414,27.1423083,2.632644971,3.806711985,18.01773366,24.48374248,22.87917542,16.30061382,51.93768763,5.874742026,7.455090289,35.30942409,5.90716765,24.08235745,0.792591282,0.643703373,7.558015299,1.857069649,0.760134926,0.94593916,0.733319434,3.903112829
AT1G68000,82.28507353,134.6459716,95.76086911,90.13322839,57.69610138,71.61735833,45.58338836,19.31622929,13.70429173,54.17633868,42.42957173,36.98323701,16.40520475,10.87343299,41.73526763,40.94794465,56.1219562,66.59114948,62.15618141,24.68862564,68.48827212,65.90759223,49.15988992,51.29460753,57.56811253
AT2G29980,35.12806591,232.2461837,262.5385091,138.5408703,37.68762309,70.85973262,42.40294137,101.0544634,67.76745285,148.2553152,176.3845684,154.6802352,55.02271825,114.9043424,133.6339299,164.2885484,89.5617838,125.5343653,121.5223557,5.12839947,86.83207965,84.74999603,71.14662226,68.14180922,76.35588758
AT3G12120,125.1726188,443.0948044,406.0678905,483.8536173,371.5677416,374.2630665,346.5451923,632.6971937,262.5385091,1027.465476,770.4115484,482.6447858,340.0912633,527.7801986,364.8396899,419.8042602,534.6554438,1270.041235,1132.44037,390.5500479,467.4725674,460.5226785,673.7325321,500.7343454,468.6564972
AT4G27030,15.94353187,6.414165621,4.544791151,1.669272975,3.716024577,9.526878471,44.61471316,114.1526744,85.67014503,2.703137442,3.580377548,4.63187331,23.52576881,194.1296645,7.953365571,6.208265581,2.119313742,1.213523875,1.326878799,153.0214068,0.012455376,1.802472031,0.228882875,0.431471401,3.545427137
AT1G13560,22.02984633,58.78965871,97.22851241,51.28223536,23.95593573,51.69073337,50.43284166,43.38285526,30.36725831,75.40789505,57.1949243,47.70803415,40.56727685,70.4366479,48.61515318,53.50664856,37.90373633,53.57294423,58.35998074,73.31377132,30.13628422,29.54358196,32.44426338,32.62540374,36.29587518
AT3G25585,51.33826053,69.90083111,62.60434097,98.92971654,75.88356981,107.0092612,33.720382,125.432827,68.87252869,79.35884269,63.05240563,19.18330705,14.85764428,25.45669507,76.66373517,81.97283404,68.94182345,13.96740675,13.94451655,28.16857574,126.2280674,123.8850517,82.99156357,106.5346537,146.5020287
AT1G63970,20.51856918,24.79755897,30.40973312,17.62614912,5.307996675,11.12032739,151.7931596,71.17802904,59.43799838,21.78929799,13.54673375,90.3345497,129.4297826,79.93062502,14.69284734,15.16272092,15.82732246,24.57754417,31.53015391,193.5795464,1.885189985,0.012598539,5.684131368,5.709745279,0.040435
AT2G02500,3.615086723,11.2705081,22.57303822,9.120637199,5.069102841,5.15020272,25.83455818,8.479665837,14.90186318,10.11766204,5.46984251,16.20542455,33.61265762,12.44075225,6.068017606,7.577999661,3.516781387,59.76567923,59.79718733,20.77264615,11.04670524,12.99102381,7.33231383,12.16248093,12.89184708
AT4G15560,15.61001192,20.5962182,15.76323322,26.07148943,11.85767242,33.87481147,607.6870958,253.4875652,198.4503611,26.91591249,24.15159494,109.2556503,232.7575679,296.3435404,27.9300989,35.20163275,31.657143,58.94639453,55.22585042,351.5464547,2.628483619,4.430075521,12.83361649,6.490951528,0.040435
AT4G34350,45.22675664,28.33143086,27.98421399,80.05928315,80.34177008,73.18967848,419.8042602,863.6122554,649.5852436,116.1032581,40.67701791,187.8792939,175.7628273,380.7724019,48.57957568,45.77232486,69.20468414,51.54479886,51.4512841,721.1277136,34.40696139,35.15585563,32.41915082,33.720382,32.05891374
AT5G60600,10.61506436,10.12054916,7.957903321,10.50019555,10.33770741,12.93417147,195.7663725,283.9375093,277.6502066,33.84492303,14.19198091,132.2404319,115.3447588,172.2295123,19.57975751,19.47852166,13.1909291,28.14998955,28.23623253,778.382308,5.895931166,5.3019291,6.531960665,6.991934877,0.040435
AT5G62790,21.88581007,20.53871608,22.11966844,32.71956144,9.183334779,20.96849624,187.0277811,87.88681342,105.9374898,20.14817761,21.12529905,82.62843732,138.6622977,89.0533473,19.50432355,21.67313023,20.63730823,45.28154029,33.37565385,181.0076268,5.627771107,3.466096884,5.990771477,6.554939818,0.040435
AT1G67990,0.00501757,0.006210258,0.007091168,0.002301972,0.002397975,0.040248533,0.006377966,0.004310156,0.13840437,0.003760498,0.045781639,1.109104427,0.001915474,0.147305851,0.103505158,0.002842578,0.035858072,0.790825366,0.389751635,0.53654445,0.012455376,2.7045752,0.284400963,0.003702861,0.040435
AT4G34050,3057.556208,259.286038,35.75840368,926.6635453,752.4736173,1548.51491,316.1733995,167.7113973,96.53020252,467.4725674,1149.112744,81.47769937,432.8023429,272.6666478,3121.793082,1758.317772,1986.623308,183.4268714,120.1660523,335.977107,10.9938545,10.27982632,15.27237727,14.23822039,6.011820483
AT5G54160,902.7551788,62.46184885,15.18733845,485.3390445,146.2156266,378.8196903,247.303903,63.13496565,47.27859472,230.4169797,407.2715818,62.46184885,153.1998383,316.9509472,651.1330987,657.2127494,852.7053185,58.38969611,48.16017128,212.8614558,16.78989054,16.11428697,16.80495142,15.47852488,15.85557019
AT2G43820,109.4057488,52.00236108,5.220943347,20.87561478,651.1330987,89.85433002,51.91574667,9.163201909,61.58356499,47.46035643,9.264192275,16.10575408,13.0903564,22.70242525,73.18967848,38.10229439,55.80389544,0.518407376,0.989360516,103.9629621,0.012455376,0.012598539,0.062330431,0.987179662,0.040435
AT2G43840,6.456623455,1.356252639,0.94593916,2.070707959,2.218179064,3.989422892,0.408528118,0.834650656,0.290786501,1.812340292,1.075902582,0.304609326,3.155689103,3.261041574,3.579439703,3.082764079,6.0915892,0.931435549,1.739461043,1.77581168,0.012455376,0.012598539,0.093000909,0.003702861,3.155689103
AT1G78500,0.00501757,0.006210258,0.007091168,0.002301972,0.042829861,0.003720747,0.006377966,0.004310156,0.053657684,0.003760498,0.002419969,0.144597064,0.001915474,0.004595154,0.00395247,0.014803362,0.003641724,0.124155135,0.341447478,0.005866606,0.012455376,0.012598539,0.002046042,0.003702861,0.040435
AT1G78950,0.374606616,0.755233842,2.60935755,2.825486376,0.413628914,0.924974058,0.631218674,0.347485754,0.400283991,1.810719407,3.838145522,0.502503799,0.595679023,0.804384413,3.484003302,4.003204486,3.140076844,2.407577512,3.452201558,2.218179064,5.904554176,4.896141574,1.243534842,7.172226352,5.610164082
AT1G78955,0.444495435,1.40206664,3.567704755,0.960842763,2.354948908,0.95292594,0.939358726,0.502503799,0.523139741,1.374207091,0.746055938,0.554654859,0.509575989,0.334893732,0.63192202,0.650817953,1.029481566,3.442476825,5.146973488,0.705358954,27.2365184,28.53922998,16.19439429,23.92160612,27.34020423
AT1G78960,1.813347861,1.845108185,3.350570269,3.224868993,1.607258808,2.506471768,4.524869246,5.060765763,3.753193764,7.455090289,2.861131828,5.026355992,2.290372108,1.950970765,2.042473656,3.451088487,4.265945286,9.544459443,10.83733974,4.256093562,22.56428508,22.0571972,24.37231808,25.41604495,22.79832878
AT1G78970,0.435333381,0.694611988,0.292221027,0.243477545,0.012889568,0.138670628,3.741667574,12.0429794,0.507902252,0.72829256,2.167438625,28.45425621,0.554654859,9.548597568,2.565798594,2.188525491,0.071650591,1.347375232,0.826525041,0.948852324,2.741513565,2.608421827,2.618686467,7.464897372,6.458598352
AT2G23000,4.915691877,6.95610916,0.878080466,2.837501299,0.120309596,1.474117038,35.88816307,23.15677503,14.4503338,0.226888677,1.008667002,5.71109393,81.97283404,64.29146121,9.80329353,5.206197784,0.354484299,3.597814691,9.047858754,31.11054789,4.385237013,2.922318228,1.30917607,3.743995745,7.150174432
AT5G17050,61.86234797,51.62610539,11.18909783,5.193378101,14.93569643,34.11869061,19.85696381,172.2295123,141.0718775,25.96169421,47.27859472,8.700022444,78.60127359,36.83178779,46.54775423,74.7988315,11.55888433,8.296497267,9.073822736,146.8414682,5.833850766,4.516942213,1.928723825,1.095956293,5.198090069
AT3G29590,0.104852959,0.006210258,0.007091168,0.008614515,0.002397975,0.003720747,0.006377966,0.004310156,0.003737688,0.003760498,0.081605382,2.466134158,40.7755434,13.70937766,0.533900405,0.022453712,0.027506978,0.48733283,1.105834744,0.781724765,0.012455376,0.012598539,28.85303221,0.04676022,0.040435
AT4G14090,0.107842268,0.300040692,0.875696534,0.036834348,0.037169621,0.041628357,4.411347269,2.724468202,1.469727383,0.929690801,0.583234428,5.370219911,58.74213536,26.07927778,1.108213048,0.14060099,0.111535153,0.945385126,0.834341821,3.960989858,0.012455376,0.012598539,0.002046042,0.003702861,0.040435
AT4G27830,16.59530956,4.665280422,3.442476825,7.090906928,17.57454969,15.15986,41.80133453,16.02550453,4.978000939,8.225677996,5.930432233,11.6638721,60.23642756,22.12396042,10.26039892,7.466903688,14.83153824,11.32596911,5.433667705,82.3880915,14.64923604,16.08054354,12.33221361,10.1898199,12.747698
AT3G25810,0.191838015,0.006210258,0.007091168,0.565949144,0.002397975,0.039662432,0.006377966,0.004310156,0.003737688,0.003760498,0.011499709,0.076627547,0.005097066,0.004595154,0.00395247,0.021033857,0.003641724,0.006073109,0.005375547,0.005866606,10.91043401,9.533679988,1.140385044,12.79976333,12.0017928
AT3G63410,19.38014308,47.62177118,68.23136996,21.31570564,8.196542157,27.49704627,443.0948044,520.3020272,401.6331289,46.54775423,45.22675664,312.3791646,302.9728289,905.7855976,46.24773154,53.4620938,16.87965081,162.2430256,211.5201183,706.3735322,7.6299137,9.439453199,20.70967814,12.79130926,6.965998519
AT4G32770,6.412794215,3.645090164,6.132154041,1.475556641,2.449414903,2.449414903,45.35074481,35.1699754,45.54302202,10.42132051,2.744777955,7.579579601,10.56317445,64.9262208,5.06719682,5.291052131,1.441748259,4.919967303,5.40743465,186.7730418,21.14914954,20.03246964,14.50138299,22.79381524,23.02236489
AT1G64970,0.895963871,6.749741298,25.5126866,6.831146809,4.334386187,8.396597756,61.68428609,87.13716537,53.14737643,7.823765126,1.025724674,19.7526923,23.57367329,26.05392257,8.594996375,4.837000436,1.280990398,3.400788328,5.101057334,178.5435873,4.865822595,0.012598539,4.356101919,5.552938205,0.040435
AT3G13610,151.95334,4.672621529,1.599544036,21.32243827,24.07211438,128.920057,2.577313052,0.132365195,0.374606616,40.28360563,109.2556503,0.038028893,0.126360888,0.098920759,97.57347311,124.907014,196.5386431,0.161762886,0.226490898,0.634435558,0.012455376,0.012598539,0.007239164,0.056130688,0.040435
AT1G17420,0.089342485,0.006210258,0.007091168,0.042206341,45.33366795,0.027425017,10.00480499,8.010214543,2793.619314,0.285337399,30.30976621,73.31377132,10.38934665,11.42478205,4.791878466,0.041178874,0.033504796,1.535335235,2.176365188,64.00817483,10.44965298,9.998721659,19.97757651,15.55308396,4.90194679
AT1G20510,8.620096711,12.73943455,10.48528521,7.277272141,66.48708536,8.769280096,23.53092322,19.72096452,241.38023,13.20069295,178.3215472,114.1526744,10.01469645,23.48503384,59.43799838,18.73897909,11.56629192,6.345626157,4.30770526,82.11245874,9.361817732,6.328440653,14.35261164,11.79066186,0.040435
AT1G67560,9.72497631,6.309184931,3.238108133,9.237652707,47.27859472,10.9682831,18.25362566,16.95933726,2.296147881,13.36902034,28.01736898,9.872401932,11.33378121,32.96149623,12.47920979,10.36888048,13.28730892,7.82225452,7.53674965,1.867199168,5.437827338,3.037800459,1.779130024,6.671424593,0.040435
AT1G72520,1.423685022,1.344665677,0.290504899,0.173112205,33.39394568,0.277809287,4.418739706,13.65984332,1188.829576,0.269297749,40.05414051,87.38879181,4.08873772,9.316843163,11.5608674,0.166124886,0.242297904,2.22754404,1.570653206,34.95187293,5.46984251,2.115456022,8.116966296,9.962657814,2.377875014
AT2G06050,28.81173857,38.49570866,34.06235582,20.39639649,212.402054,26.72789901,16.99783972,20.51856918,827.2607354,10.0835773,246.8333333,291.9357553,26.58912277,16.46394839,47.77873231,17.97709191,22.11966844,75.88356981,78.96998411,148.2553152,13.20869127,10.93155755,19.15224189,20.60656359,3.102251434
AT2G33150,106.3199034,103.0084712,74.75318717,206.4394629,447.0081798,188.3254568,117.2504425,102.3692463,92.05181595,335.2606811,149.2315231,170.5851465,132.2404319,61.73867237,178.3215472,160.447625,193.3495044,87.10247568,123.1472492,317.9386177,28.73391364,28.27502632,35.75840368,28.06086603,29.08084793
AT2G35690,6.371729393,6.628587287,4.103526494,5.611529049,10.24900706,8.671769268,16.58886184,11.35985156,14.69870526,21.1996836,4.789646111,6.48163891,10.82313487,9.634268817,7.961063121,5.458533859,5.115814217,6.828647132,7.736110309,19.26387729,25.63680401,24.11423796,19.24576666,21.42106001,23.08725321
AT3G25770,9.152097614,1.547334,1.056050856,4.310507947,18.55344532,0.761738173,115.9140157,15.75192846,2740.97538,0.407650793,21.5959479,290.8250697,141.3364849,36.52275843,3.337918296,2.181126298,0.832977894,0.986637431,1.584104021,878.908965,4.210746457,0.012598539,0.810517273,4.199950426,0.040435
AT3G45140,0.00501757,0.006210258,0.007091168,0.042076065,0.018970917,0.045379226,335.2606811,300.5151387,332.9715051,0.003760498,0.048374062,267.8308085,654.2098647,239.2814628,0.234031573,0.028530015,0.003641724,11.5608674,13.31230113,994.493643,13.2404875,11.05473521,9.477744562,12.48143256,3.076859548
AT4G16760,95.63177163,50.80699983,34.75554515,52.75224628,223.1144846,92.00202469,34.67530311,64.9262208,502.1682712,172.6517241,100.9861998,34.43698926,48.77039428,36.25248715,79.56975809,60.65272515,47.54750863,20.03718031,26.04261335,105.3172093,88.94977002,90.13322839,81.90496588,82.28507353,90.86487346
AT4G29010,28.37494924,32.35112002,21.97316083,59.36103562,42.22539876,60.28169167,84.33744219,66.11753983,40.71509687,48.00744052,53.71079155,65.22923862,71.21772593,34.71547756,67.38722736,66.80469538,60.61663825,18.84341578,16.63641805,85.36939257,22.59611087,22.1479548,17.95044966,19.63726519,22.15838671
AT5G42650,21.53027872,17.46524158,8.531549828,7.555904923,142.2943072,10.90588176,199.0371594,109.4057488,2572.826555,7.373237342,266.1415057,210.1304178,93.64110722,76.23147488,66.34435222,8.761701853,13.70937766,5.868356357,2.415435254,346.5451923,10.02327663,6.816715534,11.4646486,9.453341216,6.847442852
AT1G12780,12.3277802,7.048677716,7.87702653,56.73742445,32.2809967,40.92233987,23.38732074,19.50871885,14.68554173,64.06774722,11.12032739,41.98209795,14.11260627,6.92805238,8.193532832,12.48383128,44.8749606,14.2298523,10.11766204,76.18897787,37.77003226,36.89132533,16.46394839,28.28039838,32.61791145
AT1G63180,31.38490827,2.545283322,0.961854587,28.38938481,30.37896116,38.15563055,4.422356273,5.271507655,2.248967195,30.42514607,0.647034456,6.035743671,7.292038618,1.506582088,3.254675556,2.466983103,19.74449476,4.758186535,3.765107144,6.087321305,32.39226707,35.30942409,22.71726143,22.99078272,30.33842091
AT1G64440,45.10848278,95.83819031,19.70674257,41.52940863,44.89006209,49.93667956,14.23544023,22.50758406,13.53847797,19.76782077,30.63887766,15.92784579,13.70429173,11.03109757,42.95661396,47.57120584,44.58266771,53.8642689,48.69747807,12.92448385,29.65939616,29.94244833,22.96150351,26.79125104,24.69936073
AT4G10960,63.13496565,17.80668615,1.371292972,0.23807836,26.44140541,13.62302893,3.689250513,8.999113633,9.238652644,5.708564126,8.556684795,2.984872982,4.171007356,0.341867579,0.00395247,10.92532669,0.003641724,0.476802038,1.420279848,1.42630898,33.40036939,36.72939444,38.68598879,39.37442723,37.37292792
AT4G23920,3.645601372,6.042080617,8.750615778,4.819304595,31.53627786,4.85620249,9.016661142,5.495896411,27.36182671,2.605434305,8.949578516,6.348088228,11.72023714,3.878099827,3.637942387,4.82553046,7.368974379,4.09686458,5.472119817,20.09981526,10.70003112,10.4828006,4.173962907,10.42132051,9.477744562
AT2G01350,56.70686289,37.1739117,40.6533187,41.77208259,29.43997348,53.52698434,24.42400538,51.5625292,29.97050253,50.98401343,55.82704947,72.70843132,66.9513387,47.39541508,48.85781099,66.44871706,64.26001484,136.7521251,125.0453564,63.38792454,9.030316444,9.106988954,11.20188053,7.827423553,10.29310825
AT1G01480,31.74441045,1.056050856,0.739849666,3.189461181,8.431579533,2.840249409,0.452935296,0.372452061,31.4062715,1.845108185,2.324538113,0.269297749,1.501237644,0.004595154,4.401651772,2.580762909,3.377225508,0.944942351,1.313090985,10.65432753,0.837045758,0.012598539,0.002046042,0.732676916,0.040435
AT2G22810,0.00501757,0.006210258,0.007091168,0.008765804,0.002397975,0.003720747,6.430329934,0.162372557,0.180360292,0.003760498,0.015754796,3.990472659,0.246775272,6.996961341,0.00395247,0.002842578,0.003641724,0.071272164,0.004245718,0.17627192,0.012455376,0.012598539,0.002046042,0.0537436,0.040435
AT3G49700,3.089534851,1.418874703,0.007091168,0.054356217,0.098998378,0.057230799,0.006377966,0.004310156,1.305266891,0.041206545,0.28648519,0.044329355,0.014619932,0.004595154,0.093987785,0.079341883,0.003641724,0.012716834,0.0028636,1.25142195,0.012455376,0.012598539,0.002046042,0.003702861,0.040435
AT4G08040,11.7859482,0.605723363,0.007091168,0.679133022,9.514260277,0.779580642,2.149358499,0.253951397,1.971125255,4.85496499,12.52247205,2.440002403,0.338674088,1.138345991,8.842322616,0.679133022,1.019922802,0.007116126,0.006979138,2.021781153,0.012455376,0.012598539,0.00679914,0.003702861,0.040435
AT4G11280,25.91031286,6.789921741,2.553899777,6.828647132,180.4016369,8.450220577,25.31461366,28.41002546,249.7234685,2.869953707,121.3036341,101.5210772,22.46763784,19.08388929,77.54279532,8.397760215,13.15973759,6.70503789,4.335421786,79.07283184,32.26264115,12.53958603,23.23613435,16.86046425,36.23126029
AT4G26200,14.79344744,1.2239742,0.353896406,0.940720006,10.82118965,4.032863158,0.006377966,0.004310156,0.262232881,8.556684795,10.1268096,0.087114154,0.228882875,0.004595154,15.35684816,2.197976344,2.744777955,0.004978656,0.008259554,29.2020656,2.335965901,1.241095553,0.071900093,0.048664023,9.318091774
AT4G37770,0.277705153,0.006210258,0.985357081,0.271368102,14.22285093,0.11850404,5.364150753,0.373559654,67.4892951,0.168466571,0.474335207,1.374207091,0.822917673,1.52183683,0.264074505,0.239993885,0.215318016,0.465238528,0.641204681,5.470758275,1.12393624,0.012598539,0.146663221,1.763419869,0.040435
AT5G65800,14.11841707,8.88431497,1.083214759,6.247709793,7.358556517,5.229339099,0.335684679,0.130871034,0.028817813,0.744790061,2.395554344,0.150058732,0.040248533,0.576273227,2.131499737,2.205909517,5.187505276,0.311084169,0.218490693,0.005866606,0.012455376,0.012598539,0.002046042,0.003702861,0.040435
AT4G22880,0.00501757,0.006210258,0.007091168,0.02195617,0.318027904,0.030883329,0.006377966,0.316182916,0.435333381,0.031152628,0.268520866,7.792654513,264.9337932,23.20710998,2.749936081,0.038245657,0.003641724,2.452328098,3.531623847,2.677266356,0.012455376,0.012598539,0.002046042,0.375514564,0.040435
AT2G40840,6.857710067,17.18790888,22.35652994,18.04928206,16.49492536,15.6084862,119.7825954,21.64407877,16.6138946,31.60449418,28.06086603,69.53947676,258.6938554,21.46573711,34.98167573,41.94699277,16.04715513,43.48305607,40.28360563,240.9884324,5.702138201,5.044000137,8.886826184,6.911257236,6.120535384
AT3G46970,2.301178056,7.008106438,13.36285848,7.407101087,12.5173981,3.310995344,142.2943072,18.63977067,19.7363963,22.3095222,10.77745793,215.2933278,305.7460918,21.92990982,7.624392221,9.388422849,8.029166702,63.66655645,36.01702242,397.5403372,8.57172496,8.811461373,14.42541329,8.624833733,9.028576918
AT2G21790,6.111644981,12.4331607,38.22727766,14.50476803,6.785704708,20.90262362,12.13061025,8.593541317,6.065042526,18.9045681,31.93027167,20.90709349,53.60948141,42.68242687,25.73612978,29.8278674,16.24538848,43.02538456,28.74729134,7.38860422,15.19201199,14.6665562,15.21181178,12.79730816,17.23685351
AT3G23580,13.08747049,6.626054367,18.64464666,10.35200358,10.2111176,7.971035979,27.6740402,20.70060274,31.38490827,4.316434093,9.903938047,19.88040214,31.3326328,14.19198091,12.21797796,9.696357708,8.764487144,31.16191281,36.54322949,55.90129651,32.89818243,33.27110631,20.07023908,35.87986729,36.3741913
AT4G09320,1291.98763,9914.443872,22399.84709,5920.177318,520.3020272,2844.286143,738.240976,445.7364238,168.0632908,878.908965,2985.474648,1279.053178,804.4471623,483.8536173,3720.310214,2844.286143,1780.123981,1139.403325,1121.702686,423.2674977,24.90725274,31.45500861,106.2298005,36.43229622,22.26006538
AT3G27060,17.93431361,76.0705009,102.3692463,32.21837923,20.70967814,51.58241359,32.051332,17.25004861,24.73647444,14.85505144,47.36068991,32.14516606,54.44754464,73.89574567,53.98908165,48.53111765,28.65327358,48.90875839,67.6288976,9.439453199,190.5766528,200.4954213,132.1222839,245.5238139,230.764013
AT1G72040,5.288879955,9.601679444,47.44421919,11.80774628,12.86055012,17.2573181,22.66907194,13.63765647,12.25096399,29.81366699,16.29447433,16.58886184,28.19373886,41.13665594,21.8036267,14.54538318,9.826747076,35.39662228,45.19649215,24.44307542,10.09220194,9.912352692,14.75480077,9.342138567,11.48843556
AT2G41880,25.50813173,8.299880418,9.249595718,9.240085312,26.31039468,5.314074218,7.238684146,9.736649985,15.91505305,10.41976451,15.52067668,11.30772858,7.194977324,8.202534513,9.760419173,8.322506329,9.874599524,15.08383374,7.149117297,17.13887233,125.5343653,127.8000822,90.0925499,109.1808862,129.9414979
AT5G60340,68.81068963,86.11391445,230.764013,69.01194162,35.62982756,70.2878296,53.43834256,46.46598937,29.00329319,118.1061271,85.08683544,63.66655645,77.2373518,39.34174841,66.64813584,63.60684666,102.6953914,44.19378285,59.08118095,48.84155687,18.38280663,19.81367225,30.32396343,19.81807255,17.67657234
AT5G63310,17.86962078,38.36662775,77.67638867,20.27098257,12.524725,17.92837061,172.4366313,111.9412907,176.2372292,38.28877174,35.1699754,225.9703331,209.158966,526.183029,26.52546529,28.26893905,15.1412974,83.58374164,103.7411808,84.62878657,9.609222847,12.13329322,16.73696093,10.49324974,5.393785286
AT2G37250,76.93609398,131.4090594,106.6919372,89.66750043,101.8201876,97.64234498,6.060908776,53.66650863,30.15493426,71.17802904,92.82910818,42.34765264,40.25667044,22.51820591,119.1463678,132.3893182,74.5541438,33.40036939,36.85037122,24.09591234,31.06057699,28.43769215,36.14234205,27.14812052,26.63380974
AT3G57610,19.66403468,34.27397015,90.48220285,33.96504963,15.43040704,48.31776533,65.43659537,39.86559864,35.71048071,67.84416154,58.28504515,36.9310739,65.2671207,53.28277471,66.18504856,64.66299786,40.66511371,15.60581197,20.56703572,61.88763103,3.057811346,0.012598539,11.20775526,3.376062785,0.040435
AT5G26667,115.5439921,269.797673,105.4970102,235.6284907,163.6460133,158.2669553,52.21128705,27.80603242,18.25931642,105.5863439,160.447625,66.00746448,101.253503,25.79486234,159.9853336,170.2186596,134.3717415,78.15802424,74.47545857,18.69194011,301.7987929,297.0675901,339.285028,251.1351018,281.8566849
AT5G37850,32.34056121,30.33842091,45.51107316,37.50997696,13.87228131,22.60210053,40.66511371,30.89292623,29.75489309,28.43769215,25.73612978,48.37881148,38.20462313,19.65266036,23.17203747,25.09123741,22.83468365,46.30948436,52.37388717,55.5420969,10.61144244,10.28741523,9.616411755,8.949578516,9.826747076
AT5G49970,23.13475671,16.81462337,19.19038797,18.74130433,9.711071545,15.74373251,51.39544809,47.30919106,41.43348895,34.71547756,22.02218431,33.94320163,35.59394127,66.11753983,21.373512,23.59297013,18.25362566,32.09999167,30.9500924,114.3443038,36.71993136,36.58330797,24.87741647,30.54017637,35.57292367
AT5G53580,7.430636968,3.639715263,6.801709681,7.758990277,2.178680163,4.302602628,90.0925499,59.29642317,56.63665391,4.660832135,6.994991003,50.2286488,66.92691987,23.03253445,2.879114279,6.173952609,6.92805238,19.20088848,21.1996836,82.16884126,1.22651704,1.478815888,3.484003302,1.393563959,0.040435
AT2G19570,0.00501757,0.006210258,0.007091168,5.644114552,193.8400367,72.46376765,0.006377966,11.69958203,73.86347078,0.003760498,0.002419969,14.77470789,8.217899522,2.110150526,80.02428992,38.31075643,67.38722736,0.001431466,0.001312908,17.4684315,72.33742709,72.46376765,64.535989,71.91723423,67.45485133
AT3G07800,12.98815147,24.74260206,19.5892203,12.30992966,9.707069986,10.92934643,11.5471007,7.473675032,15.57809088,8.361131047,10.00357068,14.92428565,8.139558042,4.133672198,9.616411755,8.452768358,9.134646341,18.29236018,18.17871067,12.38206627,2.957875757,4.505501959,2.939462697,3.279100146,3.157753396
AT5G23070,6.945161082,8.929795914,29.83476437,4.143529906,8.5793681,7.866970421,14.5075999,9.079052532,6.844540053,8.798817739,5.268619919,10.65292226,24.59385848,73.77822842,9.301318994,9.849134605,4.950207854,4.469528827,6.624603765,8.976579803,12.02888864,8.85465719,7.854982816,11.58055587,11.87257879
AT3G46940,14.99785211,47.92512048,130.554491,20.29930833,15.14505357,41.4168341,18.75806625,6.900979798,4.134929746,11.05671896,32.10913669,16.86633511,40.35469153,42.15679328,51.52776856,58.20582393,22.12396042,21.4834756,22.62648647,6.046532626,30.77735168,26.9361108,28.44803857,34.98167573,33.28974817
AT2G40890,368.16389,47.25026108,9.817769306,87.727322,94.98357109,207.3343646,50.51887158,32.21837923,60.39655754,41.3289701,124.8030012,17.58519477,36.6502364,45.52456487,181.2290847,131.3001721,139.5192394,22.03355196,24.53158136,76.15827435,5.313021004,3.816342285,1.448347875,5.098377204,7.023627829
AT1G01420,1.584544649,0.193509376,0.007091168,0.761128104,0.017080357,0.979081357,13.19784893,14.37880885,3.181397988,0.42605752,3.365700525,3.472326782,4.064821765,15.12178448,2.290927398,7.334574307,2.284285727,0.137736535,0.006293888,9.212460702,0.012455376,0.012598539,0.339688194,0.003702861,0.040435
AT1G07240,17.82281522,6.013459323,3.365700525,12.42391045,12.61918619,14.30081508,22.01656859,12.74518661,14.1667247,13.95138362,28.47503534,19.7817937,3.418989891,15.56527206,11.84069787,14.83399504,32.09484528,19.97757651,7.707880744,14.96994402,8.348831776,11.24013253,10.91893091,8.761701853,11.22406717
AT1G07250,21.26544761,21.50401836,14.02875415,18.59554198,9.730892053,27.84898842,32.09999167,68.44912441,30.20071221,28.19373886,15.44338146,25.87653039,11.74483233,39.03488004,15.33015555,20.67404839,12.70219443,11.09282367,12.27985039,42.38917382,11.9360994,12.06823091,5.521376959,9.366776892,13.85023241
AT1G07260,12.1051677,8.636449334,5.174582317,4.319970992,7.292038618,10.74830093,1.675500654,0.428013679,1.331101196,7.412371242,30.65288561,1.669272975,0.736557415,1.61246569,11.10686869,10.95346431,8.670238816,5.443322827,6.103730565,0.639601719,2.152984781,3.339693849,9.609222847,3.363200097,5.683098997
AT1G30530,0.538181693,0.875175651,3.356060303,0.294953671,0.079482179,2.447815942,48.51468265,31.21392308,0.60809434,1.525554897,18.84592963,20.16919826,117.3420651,76.84962144,5.512911994,5.467018098,0.598660435,56.52519797,92.27585477,1.277359569,4.677386062,8.709570953,9.226389153,4.310507947,0.040435
AT1G73880,5.320865349,8.217899522,6.344733241,3.548158726,29.6727091,7.558015299,3.123670131,7.838879729,27.24305198,9.841898026,7.318687944,1.290108424,1.663528671,6.256303747,4.917776974,3.572173118,4.291738984,2.888600784,4.067091774,6.455427308,2.011120951,2.471711424,1.778205702,3.058785776,8.999113633
AT2G15480,37.36339887,16.04122262,7.704690101,14.28986915,404.8938036,28.06585001,1.125295318,3.689250513,114.446232,4.718761197,13.85904074,5.237639789,3.550855677,1.686719447,51.62610539,24.01782246,36.51443908,0.813999759,1.126625737,50.67572113,29.36134896,30.41847258,20.62705479,27.3002617,30.54017637
AT2G15490,77.54279532,64.80455526,90.63670092,18.30724077,0.002397975,0.003720747,0.224154917,0.004310156,14.09425851,0.003760498,10.68204792,0.018953132,2.509893353,0.089703961,0.00395247,60.86085792,0.003641724,0.001431466,0.001312908,25.66788855,0.012455376,0.012598539,0.007050568,0.003702861,0.040435
AT2G29730,26.62742272,28.88348139,3.587209564,38.31075643,22.64520611,23.09688299,6.884670844,3.351835388,3.298966552,10.38934665,20.8801855,7.035957753,5.303099096,6.848754587,17.58176764,20.317378,25.38089554,3.302217217,1.139909612,3.246774041,0.951503979,2.668406945,0.019620701,4.166483401,0.040435
AT2G29740,14.43692436,10.66042302,2.694242417,7.533014665,14.15822815,14.65112275,0.006377966,0.139627979,0.173588295,19.60335308,6.28228304,0.022400883,0.031975462,0.145420461,13.08421544,13.27994286,16.35547807,0.004563282,0.148297834,3.004226898,3.429279767,4.245422727,0.357096181,2.941224366,5.038617348
AT2G36790,0.00501757,0.006210258,0.007091168,0.002301972,0.002397975,0.003720747,0.006377966,2.918764171,3.991523321,0.003760498,0.002419969,2.480264019,11.22656765,1.683306197,0.779819558,0.002842578,0.003641724,0.001431466,0.001312908,39.78750692,0.012455376,0.91794652,0.115987727,4.539783143,0.040435
AT3G16520,1.140580619,0.17165841,0.007091168,0.870509736,0.022533332,0.493890007,83.635779,84.89195277,45.51107316,0.467993107,2.789398141,70.11524298,31.89175795,238.8889928,1.743499434,1.434049104,0.381035851,4.999759895,4.123689695,59.79718733,3.959391599,1.601109387,3.084878122,1.77370439,0.040435
AT3G21750,6.404126611,17.96040073,5.467018098,3.264185822,18.25017501,6.905368953,14.43454997,52.35324198,27.41924681,4.974084667,3.349804702,13.86920066,45.52456487,46.2774451,9.033469459,6.85217261,3.617309165,12.24369623,7.320110159,40.48925405,3.769224749,4.257162232,1.455527454,3.408038939,0.040435
AT3G21800,0.00501757,0.006210258,0.354360885,0.937754474,0.802810321,0.544826475,0.21802385,0.004310156,0.003737688,0.115805862,0.020443467,0.025114775,0.001915474,0.004595154,0.277899179,0.100687228,0.142484768,0.003357856,0.004307353,0.005866606,9.636736886,12.40370351,0.757161067,12.57174607,11.92358735
AT3G46660,0.00501757,0.006210258,0.007091168,0.002301972,2.237383554,1.993157242,0.212458934,0.215412432,76.48151231,0.003760498,0.002419969,0.026617865,2.762931523,0.004595154,0.722243982,0.096924662,0.075185515,0.001431466,0.001312908,14.71164755,4.784294577,6.530671728,0.384362029,4.403330515,0.040435
AT3G46670,0.00501757,0.006210258,0.007091168,0.133253609,1.42630898,0.072884449,0.006377966,10.87926369,55.14551012,0.003760498,0.002419969,7.136019457,25.20109947,14.16157787,0.397681418,0.022432822,0.003641724,0.001431466,0.001312908,54.29186561,2.24682141,2.087148218,0.332995367,0.996223322,0.040435
AT4G15280,0.806883901,0.411340078,6.033219968,0.719009262,18.5776047,1.319568521,0.006377966,0.755233842,5.971974251,1.151175883,2.713680537,0.315743108,0.005277754,0.400021804,0.378897628,0.253951397,0.317246648,0.095799419,0.123201138,2.342497624,0.012455376,0.012598539,0.002046042,0.612660305,0.040435
AT4G34135,60.28169167,12.08865593,6.279768699,14.93323269,216.7883683,39.14791446,3.306933572,7.763783503,65.10912451,9.913857045,7.640768561,4.375614929,7.175006633,10.20791922,99.00914068,48.36699689,56.01635904,2.310629614,1.597984326,99.42217583,2.701572984,0.915454718,0.893837622,2.739050554,0.040435
AT4G34138,15.8707848,4.165321065,0.865275609,35.12806591,7.603484361,23.3264195,2.739050554,3.173943727,7.791074038,12.24692731,4.385237013,16.05402827,11.5471007,13.04346616,63.96708273,50.74186632,67.20292191,2.147211122,1.414635429,256.2152756,4.311631868,1.976346668,0.844598096,2.245593439,0.040435
AT5G17030,0.00501757,0.006210258,0.007091168,0.002301972,0.295442499,0.003720747,0.006377966,0.004310156,0.571879278,0.003760498,0.050676217,0.318490412,0.536915932,1.238986429,0.083370507,0.061610661,0.003641724,2.797466669,3.361168789,0.005866606,0.012455376,0.012598539,0.002046042,0.047825059,0.040435
AT5G59580,0.00501757,0.006210258,0.007091168,0.23350736,0.022373623,0.003720747,0.006377966,0.004310156,1.24641898,0.003760498,0.002419969,0.369179939,0.241935944,0.137348161,1.42504529,0.201586478,0.096246547,0.001431466,0.001312908,0.613778037,0.012455376,0.012598539,0.059038951,0.948852324,0.040435
AT5G59590,4.964327783,5.709154702,5.963661356,4.470801506,1.897292826,9.799510544,0.006377966,0.004310156,0.251599639,8.434290596,1.489366261,0.003160551,0.045603678,0.087367847,12.65953324,8.540808834,2.156229853,0.039915435,0.044505895,0.542269,15.95191785,16.73987349,11.72899294,16.95933726,18.74130433
AT4G34131,47.25026108,16.68345906,2.675816974,17.24332441,431.6191141,52.92323382,0.509440937,1.479451073,89.0533473,7.403790859,17.13291811,0.497824373,1.729404414,2.097262748,118.6362816,79.22192124,70.66508695,3.239172537,2.761185255,45.7295942,7.125450371,7.504070368,0.275424105,1.408556745,17.22794477
AT3G09150,1.679927952,3.214475193,7.575677054,2.210334689,0.252623103,1.68757311,13.94698423,7.988652163,7.354279788,4.239711376,2.337440935,10.1670501,30.54739394,13.85567805,2.347525883,2.078529942,1.923417778,10.0162011,9.847154372,15.75959133,1.009011304,1.218102094,1.179445392,1.912877864,4.21005568
AT1G19670,0.00501757,0.006210258,0.007091168,0.027267039,0.012881314,0.003720747,102.8216194,59.43799838,46.17861033,0.003760498,1.634155588,83.32261454,50.93958771,75.58786023,0.120540552,0.002842578,0.003641724,12.66666642,13.85023241,121.6097333,5.569176369,6.611217628,10.63527304,8.258211124,3.244315752
AT5G43860,0.126644543,0.399179609,0.007091168,0.338366168,0.745095449,0.660272738,4.081067738,22.44748445,13.24717592,0.198056951,0.054245825,3.760973188,6.146843326,2.626575666,0.26705466,0.560567076,1.120315013,0.421715258,0.006364389,30.6108311,0.012455376,0.012598539,0.042508924,0.099972549,0.040435
AT2G23260,0.508714388,0.208887687,0.007091168,0.045249284,0.012646867,0.084393927,0.006377966,0.004310156,0.003737688,0.060204364,0.002419969,0.003858182,0.005996704,0.004595154,0.042725174,0.035720018,0.003641724,0.001431466,0.004657435,0.005866606,8.598714864,9.110885902,2.723331685,7.028649034,8.825691236
AT2G26480,14.63904114,2.237383554,0.662978672,5.169581792,1.640049026,7.938152989,0.006377966,0.117772492,0.399179609,1.03244041,10.27096227,0.214176431,0.274231484,0.088286767,10.34987142,6.368544778,6.847442852,2.296847287,1.675500654,1.28165309,0.012455376,0.012598539,0.006965822,0.003702861,0.040435
AT2G29750,93.55999011,42.71629777,4.690796665,39.87663193,64.26001484,75.99162921,0.006377966,0.23479935,4.237115486,30.04315162,30.99303482,0.336758064,0.024036688,0.802025115,75.06876387,66.76727306,100.0015672,0.009937287,0.115896664,0.490573838,0.012455376,0.772929921,0.030304188,0.038221966,0.040435
AT2G36800,0.319473426,0.737051805,0.605502823,0.030621249,1.351058866,0.059567444,6.264956034,11.62356271,15.39876802,2.472404262,0.028898371,5.232298918,29.28217897,6.449215145,1.601833381,0.097483196,0.025819292,1.739461043,5.803324497,206.4394629,7.959761819,8.403146206,2.093525857,8.47384738,4.777807017
AT1G61680,0.202876771,0.596529945,0.336758064,0.099439765,0.51029937,0.214807758,0.624738414,0.070194567,0.003737688,0.151968138,0.155277157,0.561309916,0.001915474,0.137478032,0.03893018,0.002842578,0.003641724,0.448292525,0.345669839,0.005866606,11.59408071,9.378614742,4.467479641,19.293052,0.040435
AT5G41040,142.0078841,2.217532068,0.656821763,101.6578906,5.317990002,176.2372292,1.703618374,7.869016664,1.897292826,6.591960918,76.98024235,0.542269,7.043628125,2.672190239,376.2862007,181.4313884,179.1606066,0.081431571,0.021231878,0.005866606,0.012455376,0.899223456,0.22334968,1.355115004,0.040435
AT1G17290,48.84155687,55.31861996,46.29567042,49.41600473,84.20391011,60.83546233,111.4961401,77.67638867,589.7084871,81.04229168,121.7067566,91.66798497,84.20391011,80.41196113,108.3869852,107.4973877,55.41249465,20.34499971,18.30113939,112.1510215,69.09352742,70.39453737,49.5008014,58.86829331,68.44912441
AT1G23310,32.20090336,10.95346431,16.01561986,31.32326381,11.30037229,35.32255893,915.0881667,2688.06992,3228.973373,18.54371548,27.87297248,999.540402,630.8277134,1061.498385,34.25655954,27.22084452,24.19018649,142.1570596,109.4057488,3228.973373,24.74910083,24.21267333,22.00309489,22.12828249,22.3095222
AT1G62960,5.806468853,6.55627703,12.18693435,9.098987087,6.195043745,8.472516692,63.57313346,83.635779,61.94130058,12.07759469,6.062451419,14.78506591,22.47483568,38.55689327,8.767925793,8.917937661,9.632876823,11.58515237,11.4909818,64.97561661,142.1570596,142.1570596,121.0847391,133.6339299,146.2156266
AT1G70580,18.31101878,23.06762684,17.96040073,15.15131807,6.256303747,21.26544761,120.2388034,90.86487346,69.64136759,15.31862696,15.72728471,25.76370929,41.70630163,68.83060525,34.59096847,26.28132922,11.61928969,2.961099149,4.51038302,281.4823661,9.175817977,9.329015137,6.46616467,6.686593782,9.620818801
AT1G79750,41.52940863,74.05842117,79.61595428,106.3718926,64.82832852,125.1726188,23.07184758,140.2555284,126.9694185,283.9375093,150.657523,75.88356981,47.98280805,142.0078841,156.3526063,150.4875233,118.1061271,308.4597809,260.4619916,106.0133255,135.7072258,135.2019989,128.3989753,125.5343653,141.6944818
AT2G19900,1.974731701,0.176723599,0.315420665,2.224899883,0.255022089,4.243310301,0.006377966,0.20301776,0.097304201,0.538425374,0.123899272,0.034955544,0.053361017,0.22544806,6.154870284,1.628765603,0.84750895,1.433008511,2.486724737,1.990455185,8.587016389,9.543161197,10.80077017,10.97604005,9.358251857
AT2G30970,48.47686515,99.81171063,88.21673711,99.94668683,54.20003113,77.97679721,58.92044405,46.85418237,26.26795129,64.29146121,104.0399687,33.15872569,120.4451131,55.29654624,115.4232165,129.8417389,52.06316419,34.07041055,29.99505053,32.5865509,27.39941456,27.86357525,30.0935338,21.82096351,25.47876031
AT4G31990,56.80702353,103.158114,72.67434976,84.74999603,61.11246584,110.7244769,102.3070697,110.7244769,97.1473371,67.45485133,112.5224505,76.15827435,198.4503611,126.5016028,154.6802352,217.1692007,72.70843132,34.94399825,30.55382558,101.32173,16.17194271,15.44338146,14.45573951,11.91729579,14.70384963
AT4G37870,59.72546867,30.15493426,101.1086901,174.2133345,157.8952336,92.69771894,48.17558786,83.87533878,8.396597756,348.3517194,236.90389,83.25350956,47.30919106,87.83374124,107.5769092,123.4391187,173.9246608,120.6697636,103.0706989,19.27173933,25.4619315,27.38824171,28.53922998,30.01598411,28.8697751
AT5G11670,110.0685709,68.72694313,30.08193199,310.4465531,364.8396899,173.4008985,54.22573373,36.14940838,910.9725279,269.3585321,418.2257529,324.8891681,34.82494795,32.30257337,120.7697336,185.1326649,1628.030979,99.6690021,61.53887224,168.2215673,10.48619672,2.892994615,10.61658984,8.450220577,0.040435
AT5G19550,81.41946399,77.72122048,44.93542089,55.67073368,51.4512841,59.41195675,48.84155687,46.09633066,21.373512,80.34177008,227.0163063,40.73190578,61.68428609,57.0824811,106.7735145,110.5641749,60.83546233,33.22314966,88.37395141,40.25667044,13.16615456,14.17641557,13.72005335,13.24717592,13.94220832
AT5G25880,6.316215449,7.153397157,0.831079372,2.13374922,5.30014891,1.682293448,0.191166365,0.004310156,0.003737688,2.003285704,1.219566081,0.821585722,0.506514115,0.925784444,1.921200267,2.087978063,1.845793379,3.535014629,3.567704755,0.005866606,50.95959782,52.21128705,89.00038659,50.53546096,56.93422882
AT5G51690,3.706718795,2.386615213,3.813933281,2.924636877,2.913318588,2.709492214,4.709714138,10.77745793,10.03302568,13.02764107,2.338826616,5.242300365,4.310507947,7.622886644,8.893606529,9.622955554,8.447201355,1.723482762,2.009567512,9.224380683,8.942163965,9.632876823,4.396110919,6.945161082,10.86012916
AT2G22780,71.21772593,56.2583594,27.54478071,64.03530871,94.18646595,84.50564572,39.1854717,41.66621448,29.63420073,56.28037835,78.73448278,35.58093014,51.4273537,17.87849929,78.39626339,78.15802424,63.82801833,15.8169534,18.08421787,31.55190768,23.2948271,23.36139418,18.15464673,19.60335308,21.16308827
AT5G09660,1.796085965,1.045186934,1.746333499,3.080614587,1.643309196,0.337480837,886.3799385,1334.030028,1334.030028,1.320632552,0.377637267,657.2127494,301.3129233,520.3020272,4.148902418,0.674571191,0.404607864,93.50359673,44.84685266,2170.894548,5.272411295,4.717220053,7.49231856,7.672601108,0.040435
AT5G44630,0.00501757,0.006210258,0.007091168,0.002301972,0.010846722,0.003720747,0.006377966,0.004310156,0.003737688,0.003760498,0.002419969,0.587723716,0.00710979,0.120204187,0.00395247,0.002842578,0.003641724,493.8970465,799.8327282,0.005866606,8.742993734,6.027715453,7.181867756,8.343836832,0.040435
AT2G44990,0.00501757,0.006210258,0.007091168,0.013056245,0.002397975,0.036367246,0.006377966,0.067919159,0.13066902,0.003760498,0.017668177,0.013602327,0.00511054,0.244768529,0.00395247,0.020904692,0.025467018,0.416784614,0.005220588,0.005866606,5.225758949,4.329060061,0.002046042,3.181397988,4.747075857
AT4G32810,0.137478032,0.443046946,0.574359575,0.408665195,2.194724274,0.550137578,0.006377966,0.683093428,0.037511863,1.384249001,3.306043756,0.713717744,0.015314073,0.179575164,0.546614155,0.519438399,0.925444864,1.897292826,0.135857743,1.575659538,19.02284829,19.37195912,14.28069848,22.15291666,21.08604926
AT5G10300,8.136604741,15.60581197,23.66066455,15.6799304,292.639999,10.9724797,2.808959221,4.306468142,154.8318618,6.573449264,56.93422882,4.896141574,1.436373698,4.90194679,8.816765949,7.844738479,7.326046235,8.778924841,7.379334056,14.88856124,7.10343676,9.388422849,1.27699738,10.67268368,3.644578956
AT5G04140,1.058551767,0.167634824,0.297871058,0.509305884,0.057087688,0.204400342,356.0975128,574.3691503,500.7343454,0.605723363,0.760678458,141.3364849,435.3438536,409.5231584,5.582541102,2.989701095,0.276550621,12.26884129,5.767183473,1040.22242,5.311264425,4.22256899,1.52183683,6.548886987,4.695425347
AT5G35630,85.89495385,93.50359673,57.1949243,73.16057901,85.22511442,90.48220285,770.4115484,1214.741371,1214.741371,79.0258662,104.2612634,784.8203374,1061.498385,1313.167639,140.1357334,121.6097333,142.420218,116.1032581,75.64072139,2284.749439,6.960959134,6.638422378,12.0429794,13.92003025,0.040435
AT1G79900,0.769205755,0.811195228,1.624521895,0.38311648,0.965434357,0.772929921,0.506812783,2.299575227,2.195711354,1.179445392,0.609378951,0.450340647,0.085844927,0.322761496,0.099305948,0.165225901,0.377298012,2.583231858,3.033562718,1.16079301,45.74531073,45.04865332,65.08133988,51.47074344,47.18429501
AT1G01120,64.48358883,1.900424357,0.726593908,27.38824171,20.08711928,63.92243974,189.0393958,134.3717415,4.753503011,10.53895016,33.98141466,21.25731269,31.37579582,97.95448859,83.68089946,32.00108999,77.31477682,12.25393444,8.057107014,2.425771478,8.196542157,6.255556219,12.82854129,8.890132238,2.680833423
AT1G67730,88.59172565,93.0132963,64.66299786,111.0145575,50.80699983,156.5519452,63.02662379,36.38480802,12.96682129,49.84937618,93.2782797,20.74387069,86.33064757,66.48708536,195.0009994,161.6792737,134.872204,23.33117445,25.04107915,19.7566434,12.02651886,11.57697897,14.81479708,10.07344236,11.62763908
AT1G68530,0.00501757,0.006210258,0.007091168,0.538181693,0.1267007,0.165785923,430.4229631,390.5500479,1.05998612,0.157368517,0.699985442,112.4354951,105.2429809,413.5520311,2.125641034,0.497495982,0.6558841,40.11667635,23.60450888,2.07364714,10.60352044,11.09646675,12.09579048,17.03450879,0.040435
AT1G76150,48.07679592,29.12461915,19.13136566,51.22685773,29.82106604,38.47502257,28.07369945,25.16696363,17.27658453,56.55482679,24.68173388,35.62346835,22.88416982,11.24229053,28.32014199,27.53750537,35.20163275,21.38373522,22.69270085,29.62670941,11.01733619,10.82561218,7.811613001,10.23025321,9.221037246
AT3G06860,32.45305162,33.68846357,27.34020423,46.7876383,71.17802904,66.34435222,20.51856918,27.69924514,21.41197492,137.0303629,49.76805333,22.50758406,65.72932367,21.69379334,87.98928708,80.91992215,61.56094657,11.86398712,14.08700846,58.25687102,29.07550836,29.37604103,23.2259355,26.02293716,28.52716077
AT3G55360,54.40386855,114.0579421,75.50017104,58.97798777,37.19451858,143.3245697,55.38859326,36.76183501,8.721901233,47.2004512,75.95530816,41.59988959,69.34764299,49.88211576,119.7025988,96.78878825,56.75884932,30.69698021,34.56515119,21.50401836,4.025955373,9.040103724,17.69005114,11.34752963,3.320611621
AT4G34520,0.00501757,0.006210258,0.007091168,0.002301972,0.035366081,0.003720747,0.006377966,0.004310156,0.003737688,0.003760498,0.002419969,0.010811158,0.00535719,0.090952252,0.00395247,0.002842578,0.003641724,0.004871962,0.077187335,0.005866606,0.012455376,0.012598539,0.002046042,0.003702861,0.040435
AT5G10480,96.01283315,207.3343646,146.689299,100.7617005,66.44871706,191.299446,59.36103562,30.10981417,13.11503262,101.253503,104.5749692,38.31075643,111.9412907,117.0387206,223.1144846,223.8145218,125.2569667,71.83510112,98.80696018,26.70269961,15.45667729,16.17494643,29.6727091,19.54777893,14.74924522
AT1G49430,1.732925651,0.170711104,0.007091168,35.13697147,0.028857146,20.5817679,31.88403262,8.518936963,0.205700025,0.91369676,14.88856124,8.310941129,41.87063295,24.73647444,73.28133966,36.51443908,25.76907082,28.32517993,56.2583594,0.562481521,0.012455376,4.235094397,7.880381627,1.328355217,0.040435
AT1G62940,0.00501757,0.006210258,0.506812783,0.158821667,0.683535564,0.116976842,0.006377966,0.004310156,0.054776428,0.116221035,0.06439506,0.282875642,0.001915474,0.004595154,0.080061986,0.162043019,0.552671359,0.755673288,0.058115038,0.005866606,0.012455376,0.916190742,5.533682284,0.044329355,0.040435
AT1G64400,22.10168695,1.679125254,0.306414798,3.84761239,5.241317313,8.813980452,35.80136372,23.59297013,3.891165901,5.114689217,3.535014629,12.65318421,15.73783067,23.73771055,6.306849311,3.947710957,9.338789911,1.807245305,1.329077683,4.315093863,5.070351136,1.6584096,0.036221943,5.260757178,0.040435
AT1G77590,10.84393122,17.0688891,32.01916782,26.82282913,9.985330398,42.51368778,27.80069662,12.11009481,18.14019353,35.12806591,32.56592478,11.76542954,25.4736032,25.82319315,72.88040729,51.60394632,25.60675116,19.61429657,27.10968324,28.31136964,15.21181178,15.74617025,14.08550452,14.59529299,16.03506448
AT2G04350,34.03932612,13.44964007,8.487295197,13.85023241,12.11783648,29.96408211,35.67563146,66.04916532,52.32872485,14.20269702,20.21903064,17.94127677,27.69174181,20.5962182,33.62240878,33.52073201,24.89090846,5.54041009,5.874742026,63.42852031,9.064229974,9.757651661,10.02744358,6.707972203,8.16744031
AT2G47240,4.356101919,1.504923676,0.824698792,1.454507328,0.882790798,1.394885555,10.80460322,5.703017486,0.73759067,1.488396021,1.131928217,33.01173816,93.15755663,34.34238676,3.959391599,1.449805883,2.209201356,119.5022595,210.3929503,3.65320834,6.752853701,5.831397626,13.36057048,10.89647402,3.408038939
AT3G05970,33.21563325,30.12000241,24.2562012,31.23429802,40.98334825,51.98328772,11.41217617,23.73141601,20.09981526,70.97819428,38.82987333,42.63784168,27.72895607,17.2857959,49.77944724,46.09633066,48.10943962,16.52569256,20.37216852,48.07679592,26.12104705,27.62200582,25.67175048,25.01303633,27.53750537
AT4G11030,0.00501757,0.006210258,0.007091168,0.008224212,0.015164146,0.003720747,0.006377966,0.004310156,0.003737688,0.003760498,0.002419969,0.039939621,0.232020919,0.004595154,0.03672061,0.002842578,0.032131836,0.005407386,0.049390536,0.005866606,19.68941376,20.28850717,15.59257122,16.0302137,20.617555
AT4G23850,114.8267857,89.75599697,78.54131051,154.6802352,130.554491,161.4783001,96.21616078,163.8489513,156.7219926,314.0492134,180.0005367,105.8587081,97.88826539,71.06059378,191.7372844,163.954797,195.0009994,27.81236627,24.73647444,221.0686871,21.26544761,19.1801967,26.95150244,19.6564107,24.24540289
AT5G27600,17.58975862,16.65294591,15.06558699,13.63165452,22.69270085,24.7048862,8.934972396,10.50772807,14.36340472,24.24029817,4.816816626,9.794046812,21.95453883,5.813416541,24.72516881,15.71012612,22.65399021,26.38269768,27.33015006,39.17165302,18.26519311,18.56586696,15.17793728,17.33638014,19.74449476
AT2G17265,27.90925559,41.95841201,54.94762668,26.10138664,17.28072524,36.05543198,40.18255026,38.98267352,20.28850717,55.5420969,42.17255048,32.02794731,26.13279779,26.91591249,35.12806591,45.81729803,31.04357292,10.14992893,14.38905825,24.19018649,7.663650812,6.093284361,8.829774493,7.377965792,7.830808944
AT3G01120,92.42379505,91.05161256,116.3006903,158.4427786,108.1184875,204.069743,283.9375093,138.1249385,59.26853132,126.1470094,366.555908,96.78878825,207.6486632,205.7589258,215.5889717,312.9605997,225.669183,68.65516814,61.8100743,106.3199034,75.67995646,75.99162921,58.22791736,61.94130058,85.74937371
AT3G03780,99.42217583,38.0727437,10.55491553,59.2275099,50.05914745,119.5950879,299.1561769,72.93165553,8.573248436,26.29808949,329.9761612,77.06163742,110.7244769,397.5403372,256.2152756,356.0975128,89.18516493,8.35870484,4.658493768,77.63491192,122.8882056,136.2098957,190.0657276,141.18848,153.4441204
AT5G17920,536.917986,638.2645849,426.405535,956.1848289,1149.112744,2909.76499,735.5972872,617.9037686,267.185368,1969.337515,3720.310214,589.7084871,686.3444441,989.5898034,4970.023312,4047.839413,1561.884153,502.1682712,391.4644338,443.0948044,49.00198272,52.14538765,111.8463471,57.4398392,52.43663768
AT5G20980,1.474738436,3.1339575,8.105930766,2.282506525,2.880631879,5.464377486,4.346521078,5.528941451,6.268797794,9.826747076,3.74044686,3.94544722,5.032689013,8.37022773,6.339856371,6.659807797,2.613022695,2.625325819,3.245995545,9.4105037,11.16012915,12.64124248,7.599744045,10.50772807,13.31230113
AT1G64660,34.73256974,65.64496549,16.34091188,57.75462233,45.96041366,129.1400125,7.595934326,14.73005603,6.099279835,388.81955,6.339856371,7.781505863,34.73256974,21.28111179,10.51130506,8.653008217,28.97878346,5.28395005,3.06684747,8.422711659,1.009011304,5.179542056,7.069294427,7.405412584,0.040435
AT1G06290,32.05512287,32.55901553,17.17969759,37.01087954,83.87533878,57.46115853,48.63309085,25.17293029,30.63887766,104.4200706,42.1998918,14.96994402,46.74788853,26.55958106,63.28455021,49.31898557,49.77944724,9.664854225,10.76759561,28.63582472,50.59738965,51.29460753,27.7887424,32.64542941,53.57294423
AT3G51840,84.37864489,66.62535876,55.82704947,233.5779703,82.80256529,167.4894691,95.89572265,98.92971654,66.76727306,406.0678905,71.53608632,97.28267399,48.02451706,52.04302983,113.8813827,102.1643508,144.3330481,32.38484443,28.78418529,113.9627971,113.5760835,121.7067566,101.4585152,107.3629311,128.8054841
AT5G65110,50.49801251,19.58665555,10.63332606,70.66508695,105.5863439,57.54416111,17.7212086,19.71270017,39.28090834,137.1905948,30.66043724,17.36662722,16.46394839,21.54327734,50.74186632,36.84079405,68.65516814,9.240085312,18.6530217,46.64854474,42.07757142,42.92178543,30.99303482,36.58330797,49.09498328
AT2G38050,43.12595273,32.21143299,23.78459604,18.9415339,12.21181815,21.29137968,8.466447887,12.59984032,12.34940706,9.616411755,23.36754861,15.55902887,6.089987615,15.34857119,15.94488531,18.88217171,18.06088383,24.81002561,25.90044877,14.29820887,12.45271395,9.839777574,12.39819664,10.95700211,10.21514905
AT3G13730,29.89965771,4.642856054,1.375694238,3.675521553,2.995755653,6.584367072,6.954318382,6.676668688,0.539967364,2.450444079,22.85404707,2.73846477,2.027220463,2.691338497,8.881628482,14.74492117,8.003018158,1.597984326,0.647034456,0.538425374,1.642979917,0.012598539,0.161958877,0.037301448,2.594932036
AT3G30180,27.08086475,44.10724242,28.58182331,13.72821005,10.69011331,10.91564844,36.81039754,7.671714692,3.950499188,17.06284391,6.26368007,8.795270468,33.99335618,10.49862597,25.89414104,16.24538848,9.754163485,14.56396992,54.17633868,3.673580996,20.91260324,23.05698134,12.49707937,16.18932475,19.91686355
AT3G50660,20.36536209,18.14303083,5.597794203,11.80161329,9.156327262,13.01318745,11.73529853,6.959496097,3.287801957,6.52098438,12.63447392,5.555240681,16.53974861,4.197555171,12.32582281,16.62121918,14.55619883,11.67046638,7.768105607,2.610257783,0.012455376,0.012598539,0.089857718,0.003702861,0.040435
AT4G36380,29.09411129,13.3231013,5.942264617,27.20875992,19.93203318,25.01967795,7.038575462,3.552963613,9.16676226,8.869161785,12.10084601,1.679927952,3.078823199,3.02904343,22.30077618,19.07390708,39.77314253,5.083604322,8.441091334,3.580377548,1.615594314,2.773859741,0.634721205,0.124236173,3.654413843
AT5G05690,21.5130048,53.71079155,42.64596589,21.75388784,19.1188955,27.36845134,103.8319027,125.348225,94.47338173,62.19382955,15.94819684,69.67306904,32.79317069,63.66655645,18.76773276,13.69911769,21.582956,13.74101376,15.49598824,63.05240563,3.04963767,3.315501537,4.740102931,4.671029057,0.040435
AT5G38970,5.574376537,18.90045318,5.947314993,7.187556571,7.009753867,6.690867718,2.674698644,0.298960314,0.003737688,3.716024577,1.44391839,1.10103642,0.208006906,0.853532254,4.796526752,4.919967303,4.685943058,0.8607149,1.317658196,0.005866606,0.012455376,0.97526735,2.005384787,0.159950287,0.040435
AT1G66200,409.5231584,13.74849401,2.796582548,205.014887,43.21417941,464.1140741,512.8930771,731.7560523,359.554338,156.1529656,1938.760216,168.9455997,284.6478231,210.8260212,2740.97538,6561.099537,5920.177318,79.22192124,6.788743014,675.5430049,9.189826109,9.651999149,15.77761156,16.71442689,0.040435
AT3G17820,133.0350492,330.7922398,304.3879241,148.2553152,138.6622977,224.5838399,12.19445972,13.36902034,3.722040944,276.6508403,101.7291731,34.13171687,121.2108147,36.5555751,244.4671383,176.3845684,135.0537785,228.224037,180.7790383,8.968415039,22.072931,22.96678451,37.0711863,23.3161792,20.89339204
AT5G16570,9.089230778,12.79730816,5.54041009,5.946614981,8.363936926,8.843786657,8.347615564,6.433312186,2.993828578,1.929563531,2.958972035,4.104609885,0.896855955,5.489711495,3.645601372,3.033562718,10.73582144,3.655855818,0.813048672,2.87183932,11.97400149,12.45438409,13.83888409,8.592368935,12.00552916
AT5G37600,337.7960772,294.6597717,141.3364849,346.5451923,369.2977687,341.6874402,50.07627482,19.08388929,52.10325291,305.1589931,211.1462007,187.6684313,34.30171119,12.70477958,596.2001217,436.9533166,364.8396899,99.27914351,95.89572265,215.5889717,12.93896025,13.03026972,4.839515468,19.16387424,11.7332355
AT1G52340,10.75043131,26.45410195,19.41400108,22.69270085,23.18279633,20.95652147,13.58317447,27.6342663,17.29639964,21.08604926,8.29151538,15.31532708,14.98645465,19.38014308,14.46111425,17.7553312,14.23544023,3.135398775,5.615494358,12.30190799,0.012455376,0.012598539,3.686262191,3.9352461,3.590020182
AT1G67080,49.77944724,5.822284405,7.925200784,31.01120448,7.193445475,20.84673014,45.01562775,21.750393,14.56963174,7.352958242,12.27985039,32.62540374,40.51211556,11.53286138,8.69698491,16.24165649,13.61349786,112.8845847,83.08451211,15.88284008,4.878384165,1.560523734,4.099812767,2.637407228,0.040435
AT1G78390,2.697434501,4.731986064,0.975849921,0.65228457,3.588236222,0.329508651,0.006377966,0.065238335,7.259556905,0.10277808,0.46780332,0.010161158,0.063988669,0.004595154,0.302805707,0.436427756,0.554654859,0.054776428,0.012108514,0.631482142,0.012455376,0.727395337,0.012838688,0.651625751,2.62193773
AT2G27150,3.152931378,2.549131577,2.723331685,3.9352461,5.604771579,3.658264976,9.658863218,8.589394537,8.585445652,7.370295436,4.369375922,5.570841703,9.715684431,5.020669643,4.379378431,5.7182974,4.541526578,3.045667348,3.152931378,15.70693348,5.817454974,6.003597933,1.085373253,7.728910288,9.025245739
AT3G14440,24.07626085,1.483727627,0.297476959,3.509880191,18.9415339,6.341918941,28.17812472,13.36057048,39.65301193,0.452935296,11.08733804,16.78562327,4.258345552,2.143852183,9.526878471,1.644062323,2.479469277,5.778345746,0.971321543,6.290579322,2.830525927,1.399736283,1.42504529,3.095746834,0.040435
AT3G24220,0.00501757,0.006210258,0.007091168,0.002301972,0.002397975,0.003720747,0.006377966,0.004310156,0.003737688,0.003760498,0.002419969,0.005411084,0.001915474,0.004595154,0.00395247,0.002842578,0.003641724,0.01083277,0.031845635,0.005866606,47.57120584,52.45348346,24.28870417,50.19145357,52.64449083
AT4G18350,0.125890257,0.237334711,0.305985618,0.097421931,0.235641715,0.180875754,0.006377966,0.061803239,0.107925073,0.417988212,0.088474815,0.006762339,0.027267039,0.004595154,0.306758117,0.442688205,0.24605382,0.159534102,0.405946018,0.14060099,22.7718131,24.86478269,12.60178834,20.93240485,20.22687456
AT1G55920,133.2834006,58.74213536,36.43823118,54.80163156,1047.29051,75.11165422,37.97065102,66.51494089,56.55482679,70.73634729,44.81716241,21.6183075,30.29453082,81.23036306,198.7319455,80.05928315,107.3629311,4.591241256,3.689250513,93.71778667,6.359668589,1.105131248,0.734051678,6.338206713,0.040435
AT2G17640,7.788126824,5.853911167,6.12222636,13.94220832,2.58602776,9.184790333,13.17041155,17.26114458,6.371729393,2.336552368,4.897470718,17.10048895,4.857315498,13.11243681,4.78307869,7.11581675,13.61848437,70.21576733,19.98274639,16.21416093,2.767108111,2.999206279,2.810199014,6.416544145,7.405412584
AT3G13110,96.85360408,20.97229499,20.43888265,27.65189407,499.3964563,57.42066144,9.548597568,115.2453701,120.1660523,59.57948195,70.21576733,49.5008014,90.42590352,116.4122012,63.71077152,65.47328136,66.98291512,7.228221398,6.802259893,85.32131831,84.5627927,84.20391011,72.46376765,84.78428972,90.29046568
AT4G35640,1.792780398,0.006210258,0.891479114,0.564237005,0.045754037,0.350173341,2.70550833,4.050205491,3.801004588,0.213872465,0.369986584,2.172790134,7.198962986,2.012364958,0.443553293,0.715268695,0.471692054,1.914575421,2.643723022,8.187113739,0.012455376,0.012598539,0.259691544,0.052437883,0.040435
AT5G56760,116.7195058,58.86829331,26.88310112,167.4894691,126.1470094,112.5224505,56.1629027,41.76140644,131.6794872,101.1670194,199.0371594,56.44858561,42.77276397,36.05543198,82.99156357,110.0685709,162.4026368,43.05714718,35.11729541,29.07550836,175.7628273,177.651776,199.6287618,193.3495044,173.4008985
AT5G49810,36.69923018,33.74385628,14.37685029,39.12519761,62.0190836,48.25098455,43.48305607,28.25067496,20.02874901,43.46478715,46.5710267,17.88400776,38.5918501,31.16191281,72.3815746,71.1127762,44.17222008,5.04972278,4.754841337,27.23223899,15.88713972,16.10028442,11.24013253,13.49273879,15.11201762
AT3G29670,0.835660315,0.297550423,0.007091168,0.46922748,4.091113308,0.132825893,5.234917208,17.00741951,0.794138124,0.06365096,5.467018098,5.933059422,0.314681026,10.02030648,0.669167784,1.003387047,0.983111289,0.072802441,0.007096476,0.567871005,0.012455376,0.012598539,0.007058397,0.003702861,0.040435
AT5G39050,26.5146906,10.545574,2.401073609,0.500503831,135.4663574,6.185042262,3.309994751,7.653999858,98.06210124,4.304056223,0.348898697,7.631539653,8.202534513,12.05909948,24.5213938,9.036113788,2.988649372,7.827423553,12.75646555,61.78783762,9.56454322,9.747974948,6.551416852,10.58713375,3.896025648
AT3G44880,2.162743974,4.267529547,3.965293209,2.777370997,4.004208684,1.440474522,50.02541458,64.26001484,46.53068681,2.87183932,2.976267795,30.11708424,26.6458074,68.23136996,3.636888219,1.719137191,0.787545507,11.34752963,12.3277802,172.8242498,7.745323222,6.209476212,4.341200772,7.797459623,6.828647132
AT4G37000,7.254577118,2.501924319,1.851219095,4.715787548,7.418740899,3.861655734,72.30087086,35.37569462,24.81728622,3.472326782,9.0149304,44.93542089,45.10848278,58.28504515,5.111690152,4.658493768,5.482673328,10.76064497,10.9724797,110.7244769,0.012455376,0.012598539,5.28644434,3.851434255,0.040435
AT5G13800,17.41616533,5.44860385,4.456609347,13.10561038,52.16361573,12.30767395,35.64917947,52.02095825,79.97250982,15.07671839,16.69366181,48.25098455,37.91423934,15.79754076,13.9990493,10.89816,21.04786228,12.27106288,13.93777478,106.3718926,10.63527304,11.86398712,8.911700114,11.77819155,9.962657814
AT2G39030,0.00501757,0.006210258,0.007091168,0.019932912,1.8249316,0.105913142,12.16426822,1.613654799,88.21673711,0.033787601,0.028060259,9.908844525,2.954289654,2.529384887,0.00395247,0.12737056,0.003641724,0.001431466,0.073439255,7.370295436,10.99781005,8.929795914,0.014450272,8.039064603,10.5193146
AT2G39800,36.66848059,60.8920456,57.91385475,65.30170914,78.63717222,28.33143086,335.977107,654.2098647,302.3738293,24.07211438,15.27237727,52.88634664,201.3173409,41.08460192,46.63379168,34.38229119,12.46601625,31.83651733,31.43983456,197.8119007,16.89388603,17.41754135,16.43288363,15.37466465,16.03207658
AT3G30775,32.16510065,78.773178,52.98899953,111.7628058,1613.941007,290.1024061,10.34314299,7.680731797,18.84341578,3181.836871,774.1408391,45.83244886,2.696325121,37.64935421,223.510946,136.7521251,105.9374898,14.89442166,10.93155755,485.3390445,673.7325321,673.7325321,630.8277134,670.7445733,696.1639728
AT4G08870,0.00501757,0.006210258,0.007091168,0.063765108,0.050987703,0.003720747,58.81931482,261.9469605,123.8850517,0.003760498,0.032053514,59.79718733,39.26333998,159.7912732,0.654835293,0.017910584,0.003641724,2.83898037,2.007127842,300.5151387,3.813024293,10.00221873,0.007248351,7.371806938,0.040435
AT4G08900,12.62138109,13.65163357,15.38651531,10.65066486,5.144374096,12.41396288,24.12037125,26.70269961,17.47965882,10.26039892,16.38396484,17.9962947,15.29615006,9.872401932,16.47999144,17.93084356,23.99910118,13.37502017,12.18584526,35.12806591,27.33543098,27.48377475,21.64407877,24.76837587,24.87741647
AT5G38710,3.658829184,0.720908816,0.466077399,4.558255546,47.69401254,3.562613209,4.889155713,2.398130321,47.44421919,2.779043264,29.50490802,3.356060303,0.037887922,8.97001035,5.345912921,6.104878517,8.56813644,0.910696869,0.456507614,11.64468918,0.83033417,1.742532256,0.107187215,2.451237186,3.889942977
AT1G01710,27.17908434,15.34857119,15.79754076,20.36536209,12.25992454,15.28740794,28.44218877,29.71718259,31.81223505,30.79309935,16.49859658,24.50449684,17.44155798,32.15840847,20.75063548,19.41553415,20.70060274,76.23147488,88.21673711,36.08410468,27.83425499,29.5498487,23.37863837,27.01390667,30.49839149
AT1G55020,33.02029604,1.924164932,4.863143804,21.61466873,33.51178383,17.42895424,7.767173771,13.05772382,0.615663403,22.33386649,63.33076767,3.245995545,15.6799304,12.37750325,64.5791751,52.88634664,44.80050289,3.476143775,3.470614647,0.74333446,9.126087931,7.526056681,16.25195128,13.20562424,4.918871919
AT3G22400,7.835734129,8.757379951,1.800318316,6.911257236,9.101667821,15.9633721,2.441845805,2.269139851,0.508983392,7.60230808,28.41616077,1.711293109,1.394885555,5.730354543,7.418740899,7.788126824,11.03653724,1.0098605,0.688752721,0.59780842,3.729828688,8.237729526,0.200381577,9.850798538,5.990771477
AT1G22940,6.971541511,9.283151364,12.51397447,7.999300389,4.861976264,6.058149942,21.88059944,20.54268051,18.21527113,11.55650548,6.903881886,13.17041155,17.22794477,12.5512776,4.092354272,4.57907022,5.973878987,20.21622788,25.4825702,14.87432324,0.962337328,0.012598539,4.083426909,1.407397056,2.893885685
AT1G02880,56.75884932,27.41076791,11.89347214,22.54928849,68.75865279,23.54126232,16.70467372,11.4097157,17.00741951,19.53593148,23.72026379,16.50843602,16.99783972,12.95787668,34.44501066,39.59843934,39.71147886,40.1361582,65.61698625,32.41915082,5.322769827,7.393617724,5.028032688,6.281025002,7.794561703
AT2G44750,12.38303594,12.35611332,28.97878346,8.450220577,5.107685832,8.823525977,8.343836832,12.99102381,10.78333763,13.03375182,6.957972223,7.637495501,6.300196881,8.377285347,5.823053469,7.48956675,12.17472385,38.32340582,53.68995134,16.70207678,48.94367381,50.32831236,53.23652881,50.84868281,44.18178481
AT4G29530,11.040618,12.06604389,11.7752882,12.2817512,4.749779009,3.992343629,6.116147511,3.634393296,3.271399228,7.658376617,2.620522145,4.012209771,5.005027498,4.073849901,3.237217307,3.842643774,6.366850967,14.28986915,15.49307431,4.956924603,22.12396042,20.1396575,15.88284008,17.74284844,19.13479752
AT3G12500,82.49036017,2.728604393,1.013631422,17.65043193,13.91714694,98.18927449,0.444214156,1.440474522,0.462952741,0.042013118,195.2247071,3.306933572,0.345946572,1.331746735,69.49522722,22.85897959,252.2760641,0.001431466,0.001312908,0.005866606,4.948585619,1.606265833,0.384111009,2.844929439,0.040435
AT2G29630,1.256513826,0.634435558,1.692328143,2.094337984,0.017832044,0.230561796,124.2540983,581.5994546,439.0461032,1.412428682,2.123469585,411.9708176,223.510946,107.4192686,1.039962605,2.486724737,0.629139047,174.389307,107.8249995,376.2862007,4.381607841,7.292038618,5.63563146,8.007803777,8.798817739
AT1G17170,530.6509796,145.8496631,49.6487628,69.1259138,1291.98763,199.6287618,1.107803844,1.679927952,17.3021482,43.22618028,39.68041677,1.258247738,16.91732789,0.674232989,559.5644505,178.8304334,233.5779703,0.691204105,2.323558431,283.9375093,1.50717703,1.901395878,0.077857576,0.114993061,0.040435
AT1G17190,323.246004,290.8250697,113.5760835,682.906875,2312.847136,311.7603134,4.641378463,1.839583876,0.003737688,51.28223536,310.4465531,4.621462693,9.863763937,3.321970118,231.557033,165.1198294,356.0975128,1.845108185,2.367387412,0.005866606,3.501441653,0.012598539,5.311264425,4.354721727,7.035957753
AT1G78380,1938.760216,1780.123981,591.9632083,1195.855771,9914.443872,4047.839413,460.5226785,288.3942668,460.5226785,1019.389084,548.3283236,404.8938036,497.3754198,66.80469538,5370.967276,2527.383686,3720.310214,277.182801,267.185368,1938.760216,16.34721259,17.50919352,30.05884787,20.40482068,14.98938033
AT2G29450,110.4918032,25.71533739,3.358147724,12.42155509,3121.793082,25.00228435,171.4704122,392.490287,3311.879273,9.745780981,136.2098957,111.3606202,281.4823661,107.0954883,88.66219682,21.79408008,38.19530976,16.04974537,16.03506448,564.9994482,20.83435747,18.31101878,34.46686713,27.66779207,0.040435
AT2G47730,1061.498385,361.8034494,100.8419499,277.6502066,2482.094461,1561.884153,84.89195277,150.8166841,1389.631903,686.3444441,622.2497549,190.8446699,62.2294346,536.917986,1823.283292,822.4598939,1646.04366,38.47502257,34.51837977,1027.465476,57.14910246,59.74101994,157.8952336,79.83053304,56.9851078
AT4G02520,44.31508613,2.553899777,1.451558993,157.013391,0.115896664,0.06011109,7.343121516,106.6919372,54.44754464,0.051249684,31.01730438,714.7070471,24.81002561,132.3893182,53.8642689,107.5769092,453.188506,0.097086585,0.075365872,266.1415057,0.012455376,0.012598539,0.315070838,3.839397239,0.040435
AT1G65520,62.66042985,23.15677503,14.08625649,14.20269702,13.07339987,25.73612978,11.03512823,7.577999661,7.48956675,8.197896442,14.47129032,8.533906532,5.797227784,9.089230778,17.2013612,17.72803863,30.54017637,4.808071724,4.861976264,13.68464811,28.69551016,28.09224178,30.92579458,36.90080763,33.06092195
AT4G14430,39.55773976,29.65100069,23.24612137,24.08235745,33.83362008,33.14029149,27.5511597,33.28071383,52.92323382,69.16156218,35.8479333,38.84301354,32.38484443,96.78878825,30.01598411,38.1320832,17.12951639,15.26072949,17.33320661,38.21614951,95.41470807,94.12902386,96.21616078,103.8319027,97.04492539
AT4G14440,15.80830349,0.006210258,0.007091168,25.40913813,0.002397975,31.93027167,62.99332942,51.05652631,0.627894846,3.471652309,23.10800204,22.59051601,92.69771894,73.05338514,58.5589009,47.60881933,26.4466102,9.007385334,6.148563485,0.376609326,0.012455376,4.506862082,11.10686869,6.042785723,0.040435
AT5G43280,26.02735861,37.47743543,14.79935496,23.26241784,14.52993777,18.91934084,22.51820591,14.90447735,7.445118708,12.85275874,17.03748962,15.45667729,20.06258062,22.19048142,22.17360666,28.25748161,19.05461495,10.47406982,9.63868465,12.19893967,14.91587788,11.7752882,13.80360749,14.64923604,13.96740675
AT1G01290,4.985110782,8.37190385,13.67560872,7.851951217,3.445010263,4.849645279,7.991892921,12.18802344,7.088767596,6.071848022,6.323388988,8.205498169,8.747898748,5.141016582,5.981144093,7.683480974,5.82151534,8.820113131,9.370896281,12.41649451,13.47770338,13.98304726,10.60352044,10.45512631,14.19663232
AT1G08490,16.76857791,17.38011904,17.56843414,18.57497269,37.58746791,13.4182749,36.90080763,31.99088113,31.25260617,22.44153166,13.77206946,27.47390441,28.79267756,27.12400497,12.35611332,10.76064497,10.73850131,20.18627837,28.76115369,45.26088626,14.5726386,11.65924076,8.249832725,13.4307532,14.70934876
AT2G31955,20.48740834,16.85695058,11.73747865,14.24597535,26.70269961,12.58430802,19.40304562,12.43579861,15.93380177,12.26884129,11.06660666,18.24384934,17.89022772,5.945075495,15.40485387,11.86398712,13.03375182,11.24013253,10.21961536,24.26028031,3.635536476,3.957185168,1.363352115,4.379378431,4.681371954
AT5G20990,26.32821055,17.53190195,16.14111657,25.58483027,22.65399021,26.6197241,17.31713203,23.14221311,24.07211438,27.32420274,32.30257337,25.60675116,25.5126866,24.64502874,33.75931427,38.41093448,35.09537727,25.64301595,21.01446247,24.47494874,18.35374086,16.749517,14.79114248,15.86274577,17.99988363
AT5G65720,32.08585079,34.73256974,66.62535876,39.32149248,59.55450529,80.20038419,10.08901062,103.0084712,60.44924427,52.25387992,50.57928771,34.35155814,33.58288856,89.4535554,85.15331551,104.1175974,53.89346081,19.41246801,22.23818348,43.90260115,16.81193612,17.95686585,23.20710998,18.89761108,19.40872943
AT2G43760,33.26186435,59.89154274,40.11667635,48.98309011,21.81227252,32.39226707,33.34762797,18.52785615,11.4909818,17.94395095,29.2619365,38.88973598,33.720382,13.44088521,23.28506114,28.00328034,34.25655954,17.89797973,17.2064764,19.71637601,6.304196434,5.356314726,6.834091843,7.694506461,8.582444949
AT3G63520,70.21576733,26.87943179,25.3612895,60.77142276,10.55894981,53.41611151,198.1659643,447.0081798,336.9511161,63.52057186,54.84181955,191.299446,121.4037099,233.0973573,69.53947676,85.04725535,55.34587672,503.8883966,574.3691503,630.8277134,18.17518432,18.84592963,19.62856628,18.6564822,17.94706581
AT3G15820,13.86433449,33.36666631,41.18902444,20.91260324,12.26884129,37.45121089,25.4825702,23.99910118,11.94490737,13.09935658,44.66966033,16.31562478,6.907926576,19.13952216,40.93620453,33.64662473,38.54274674,16.24538848,20.70498781,17.56843414,7.44998834,8.050290476,12.06823091,8.461874849,7.218606049
AT2G04540,14.26880334,16.17782369,31.35868653,13.8805533,7.460006507,9.211101796,11.26804924,10.10750858,12.30190799,19.13136566,9.730892053,13.54930456,9.209508531,5.331495498,8.916029086,10.30021865,8.782498455,41.48610384,45.55598235,11.040618,14.23822039,13.21117438,12.8805551,14.93085417,13.8805533
AT3G51240,2.936809777,6.422797714,1.422462735,0.211170019,19.24950237,100.2279978,0.006377966,61.53887224,31.53627786,0.133733621,0.020728283,8.649180403,158.9385518,28.2148711,419.8042602,319.9284893,31.26927323,0.105328223,0.208365,205.2791755,3.726532925,5.824132207,7.001976,6.734070585,0.040435
AT5G08640,224.214195,199.6287618,12.66404614,11.90991929,9.995715611,66.59114948,3.159504125,2.786018319,1.518149101,2.961897338,403.6988693,13.31230113,86.78193204,26.68571335,285.7543406,274.9632537,40.5532627,217.1692007,346.5451923,19.87419104,4.746107329,5.82151534,9.494103167,4.282265931,0.040435
AT1G23740,4.019877919,0.60272379,1.126105706,0.979081357,1.366589472,3.46923426,159.1401786,460.5226785,260.8263925,0.932276501,1.340992138,47.65940674,140.6380187,191.0408686,3.184383265,1.955684148,0.390263681,3.154843966,3.462703365,395.4619867,4.699884242,2.826335463,7.425308611,9.237652707,0.040435
AT1G54870,0.195615813,4.054505326,0.60809434,0.291940635,1.267341916,0.360735205,0.006377966,0.004310156,0.003737688,4.394129203,0.029514295,0.097675493,0.276550621,0.004595154,1.076537962,0.188558004,0.130473997,0.013464751,0.019789256,0.394904888,29.84223775,27.78259835,30.54739394,29.65100069,26.44140541
AT2G37770,0.462005854,3.813478787,1.178050112,0.029792144,1.388722863,0.325518011,1.317658196,5.494284722,1.771873761,0.497824373,0.018356324,1.106634965,24.93063297,1.954243931,3.926440868,0.070713709,0.096851861,5.057813461,5.138452569,43.44567096,10.97856167,12.29695053,3.018182682,11.81933752,11.62972486
AT3G04000,0.845507728,0.365080004,0.007091168,0.218253339,1.8619915,0.352708327,2.92181374,3.930602268,2.388251679,0.578566331,0.580622371,1.037924999,5.703873536,2.094337984,0.321842426,0.175585417,0.217147244,0.068698549,0.348054245,46.97816633,0.012455376,0.012598539,0.002046042,0.07090784,0.040435
AT1G06490,0.851592295,0.648804777,1.051182428,0.816292297,0.692712212,1.638994157,1.41938553,1.299147553,0.151058743,2.680316635,3.051381807,0.568230742,1.347375232,1.879474763,0.549446036,1.764175144,1.599544036,1.230709153,0.831320308,0.488132181,1.153413863,2.749936081,0.329508651,0.674995698,4.770891983
AT1G04580,0.00501757,0.156255863,0.310783594,0.017504448,0.066271394,0.02754029,0.006377966,0.172471039,1.167651207,0.061393285,0.031482478,0.00652729,0.147600497,0.075256785,0.056582556,0.043615988,0.003641724,0.108066418,0.217001359,0.288456088,4.686992029,5.804501352,1.279153817,2.267157773,8.035366783
AT1G65880,0.00501757,0.006210258,0.007091168,0.002301972,0.011764313,0.003720747,0.006377966,0.108604625,0.003737688,0.003760498,0.002419969,0.078240053,0.028974728,0.364519585,0.00395247,0.002842578,0.003641724,0.257692194,0.03020154,0.005866606,3.305306791,0.012598539,0.006645892,0.820327795,7.686605339
AT2G05830,31.16191281,28.98650799,26.62742272,47.04037526,15.21748218,38.01134424,46.76063613,30.81320627,20.96452849,26.74019297,47.02392077,32.41915082,38.88973598,24.81728622,25.93802228,41.3289701,41.43348895,86.72716483,74.08759695,43.78628745,2.239256509,2.406259732,7.117010684,3.452201558,0.040435
AT5G53850,20.40193083,15.70187792,27.76260571,39.36277481,18.45516237,30.02966551,46.81610595,57.32261347,46.49865264,41.7245343,29.80294932,48.90875839,55.36975193,50.95959782,26.81817426,34.45649986,30.39247465,19.65961907,15.84276875,68.36628139,8.925731018,5.232298918,5.027094422,4.326503146,8.190271172
AT1G49820,23.14687685,26.57726239,31.51322648,47.49787908,12.63911894,32.71189244,25.36538301,15.61515305,9.464020086,36.00414779,28.13740075,20.47858018,29.98728369,12.81949408,33.80804674,45.57005587,35.91888829,13.23617339,11.85553205,14.44703927,8.869161785,8.365296086,6.308212095,8.458298751,9.949892982
AT1G03980,3.545937189,2.294413817,5.395101305,0.780607666,2.241356102,1.441008692,1.119088348,0.096651463,8.441091334,2.462861512,1.740274462,0.058704837,0.246688038,0.555684181,2.592487949,1.438981824,1.177450841,3.57094732,8.981102634,1.865651756,0.012455376,2.489840693,0.738251855,0.04617539,3.006296507
AT1G01280,0.00501757,0.006210258,0.007091168,0.002301972,0.012380393,0.003720747,0.006377966,0.004310156,0.158665774,0.003760498,0.002419969,0.214699438,0.001915474,0.004595154,0.00395247,0.002842578,0.003641724,0.091142785,0.057546363,0.947150845,7.608423199,9.188117338,2.406259732,4.074866125,7.44998834
AT1G68540,7.141717295,3.930117168,1.99251647,4.22256899,0.564603715,2.233616358,13.33933612,7.634820031,5.485416972,2.528404666,2.212814851,6.005386801,11.20026529,4.76869375,1.954985788,4.054505326,3.966329058,4.296081522,3.382743713,14.42028616,10.46061335,9.000829505,4.703524547,7.270293383,11.37258977
AT1G69500,0.104751604,0.006210258,0.007091168,0.008941611,0.017563266,0.059874055,0.006377966,0.004310156,0.003737688,0.003760498,0.002419969,0.324859887,0.359849452,0.004595154,0.00395247,0.016704797,0.036805934,1.006454323,0.286973867,0.292723486,3.427572883,0.012598539,0.991406628,1.447744309,0.040435
AT4G35420,14.60210948,1.727897652,3.599745575,23.40900371,0.612977083,14.52993777,10.67268368,7.252388008,5.597794203,2.790529375,8.853296374,16.07411414,3.168924449,9.94318387,21.14914954,12.5128248,17.38011904,36.61988495,39.1854717,9.320326233,5.719235797,3.217684702,8.015220397,7.913575073,6.060908776
AT1G10760,2.608421827,5.055356428,11.07618481,9.137400302,7.143210619,5.124973823,65.97021618,25.45669507,32.68890853,16.55565314,12.50086686,156.8502306,218.3557882,16.86633511,10.80077017,14.20021951,9.206178825,39.00658207,23.87031516,435.3438536,26.9361108,27.72174754,19.77420032,22.49919207,29.37604103
AT3G52180,1.585624752,3.058785776,10.87091089,8.503138241,4.619965359,1.56898226,48.56262944,12.50854347,19.26387729,4.576527462,2.503956006,76.40009897,225.9703331,14.28548768,3.114735115,4.061355636,3.761711624,233.5779703,126.3149635,150.1012779,31.67688439,31.06940368,40.74567853,30.96442753,30.34458212
AT4G09020,3.768131684,10.88132956,27.10968324,18.95947497,16.12773543,8.173714378,19.7399235,2.940224561,2.928738561,23.67476838,11.55249506,57.4398392,135.4663574,3.771865515,11.35534283,14.46302482,13.67813167,86.83207965,70.51286196,42.71629777,9.183334779,7.561021185,11.43553629,7.835734129,9.89137417
AT4G17090,0.097168715,0.252623103,0.320297261,0.070502146,1.63266287,0.130871034,29.17205497,1508.054189,915.0881667,0.166773689,42.05654636,569.111851,343.8779911,579.2890057,0.328563994,0.10155894,0.03202735,40.71509687,35.76911251,1047.29051,8.886826184,4.676670703,24.2060565,8.834441071,12.50317304
AT5G26570,2.228869005,2.873807516,7.534247404,8.244486625,4.214713686,3.195271141,10.25856559,30.23122367,39.37442723,14.9453664,8.542490809,61.34801048,84.66963133,11.33996188,6.059522581,7.504070368,7.484109529,26.61287823,17.49002163,187.4994449,7.846321394,6.741317157,6.860389732,6.025670157,6.737083611
AT5G64860,2.919897113,9.538482657,19.38863573,9.732403242,5.897484245,3.684315726,28.79267756,5.853911167,8.670238816,23.57367329,8.149998587,60.04208617,52.90339078,5.920938996,5.534734453,8.279463152,6.930053547,80.41196113,59.62809465,43.30233003,11.03653724,9.80329353,9.849134605,8.514048662,11.50147686
AT1G58370,5.671892828,0.651934764,0.360030896,8.34529284,8.539575609,15.11831523,1.66687813,2.120917412,0.178817565,11.61928969,4.260663833,0.663470317,2.440002403,6.161294808,2.05090552,12.26884129,20.10992489,0.820630948,0.129691019,0.131924673,1.172458895,0.012598539,3.603505527,0.435855905,2.336552368
AT1G68560,3.95240747,34.01341179,76.48151231,56.30804081,15.20633987,48.35268149,206.0339913,68.69036787,20.52331133,57.51230603,56.3437036,87.56464018,227.0163063,123.4391187,85.52876703,107.7363129,33.37565385,44.89006209,49.77944724,15.47675189,5.555240681,5.678200199,14.34396639,6.930053547,0.040435
AT3G10740,48.46101402,10.72462339,9.690188862,195.2247071,58.48050079,98.3361238,35.97368031,26.7646421,11.62356271,133.5194418,15.19957407,13.74622165,11.60692689,28.62720002,28.00328034,25.63082341,74.89437551,4.887866631,5.971974251,20.24627673,13.08421544,12.62949805,7.161456617,14.95247804,10.33092796
AT3G14050,16.11708703,7.215682815,3.616342833,44.02271253,44.8749606,28.1030778,19.47852166,12.81029466,310.4465531,34.48621493,19.31995378,64.43061354,13.57625865,6.348088228,21.74693576,14.08550452,41.29193579,3.893679229,3.856961072,44.56745942,5.381172953,5.851033221,5.461490433,9.616411755,5.867276933
AT5G64570,11.04479731,6.333582281,4.573475238,8.924180832,6.767050144,24.72516881,2.039100538,28.07369945,6.104878517,9.658863218,7.334574307,29.59956829,8.755768019,21.82096351,26.90225723,19.87419104,13.9220532,3.000689396,5.068396056,44.35046491,8.786406906,6.045493089,8.497965596,14.20957366,2.330638086
AT5G04660,0.00501757,0.006210258,0.007091168,0.492711474,0.002397975,0.003720747,0.006377966,4.354721727,3.732029644,0.003760498,0.002419969,1.248570316,3.736484674,8.691204996,0.473405911,0.516470574,0.319236683,0.001431466,0.001312908,1.80644706,2.340767694,3.097696219,9.120637199,1.370964879,0.040435
AT3G06350,67.76745285,34.42697493,39.56973418,47.90829445,36.26359928,60.3404375,37.33373223,29.95157268,31.45500861,81.29000234,66.86889941,28.09224178,51.09596591,34.50729414,74.94753191,60.9421019,48.17558786,51.31709956,42.90450252,47.08565409,83.42817932,86.89475302,60.56163975,70.91132975,80.41196113
AT1G49530,4.589694432,2.941875939,3.376062785,1.296640924,17.65508915,2.108319488,2.617927555,4.26180383,4.279204015,2.63427876,21.60892794,3.076859548,1.454989942,2.03883658,2.509893353,1.005088969,3.663365862,2.137929861,2.531288584,3.018182682,5.266215466,6.549897569,3.368959094,8.928668926,8.248089538
AT2G18640,5.894418411,2.598794206,0.386221794,0.575178347,1.555014373,0.883224675,0.006377966,0.004310156,0.003737688,0.582711909,0.640468627,0.001514715,0.001915474,0.004595154,0.9886794,1.215715279,1.378445181,0.010106606,0.009298484,0.005866606,0.012455376,0.012598539,0.051027444,0.003702861,0.040435
AT2G23800,0.00501757,0.006210258,0.007091168,0.010774555,0.002397975,0.003720747,0.006377966,0.004310156,2.292645658,0.003760498,0.018265205,0.161958877,0.006659821,0.004595154,0.00395247,0.002842578,0.043263868,0.006768493,0.003388458,1.871054862,0.012455376,3.216864087,0.300040692,0.408665195,3.433374874
AT3G14550,0.29707101,2.271029021,6.118423502,2.882640088,14.89103357,4.585742315,0.185872243,1.047688584,0.340461133,3.204357857,2.698224396,1.263305939,0.820630948,1.800318316,2.319599691,3.891165901,1.732925651,2.453307975,2.566485239,0.549059796,12.98385515,12.42391045,13.75557597,15.87391144,13.52088177
AT3G29430,0.00501757,0.713717744,3.045667348,0.958371087,6.769671838,0.721324156,0.006377966,0.004310156,0.003737688,0.732676916,6.880203044,0.02493094,0.001915474,0.004595154,0.317847793,1.769106269,0.861907701,0.097926317,0.005787075,0.005866606,0.012455376,0.012598539,0.025897129,0.076074538,0.040435
AT3G32040,3.279100146,0.356916513,0.007091168,2.006362521,0.013329411,1.455527454,0.006377966,0.004310156,0.003737688,0.87708128,5.064768531,0.069291282,0.006370113,0.004595154,3.294205187,3.158550339,16.89135563,0.003830082,0.024808462,0.005866606,0.012455376,0.012598539,0.06011109,0.003702861,0.040435
AT4G36810,0.00501757,0.006210258,0.007091168,9.501607015,9.56454322,15.85328126,0.006377966,54.90951457,32.33383899,0.083764822,0.028817813,51.91574667,103.158114,51.60394632,13.73080496,15.94488531,12.4589666,0.044090457,0.02053824,31.48936127,9.023490028,8.273736456,5.481456431,6.732207876,6.757743102
AT5G48930,540.9196522,37.77003226,21.35791924,138.1249385,96.01283315,277.182801,187.4994449,117.1468414,71.44180016,74.5975486,160.8628478,59.2275099,70.66508695,139.7884915,151.6033962,151.1472959,195.7663725,17.72803863,19.86098341,43.20019192,34.28278462,36.85037122,29.79730989,31.43249791,34.48621493
AT1G61120,0.00501757,0.006210258,0.007091168,0.002301972,0.293219016,0.026760154,0.777684299,0.912614929,7.617609374,0.003760498,0.215318016,2.02335493,0.170711104,0.355329601,0.00395247,0.002842578,0.003641724,5.22248036,1.503358529,3.236295316,0.012455376,0.689390266,0.016022438,1.51044439,0.040435
AT3G25180,0.00501757,0.006210258,0.007091168,0.002301972,0.002397975,0.003720747,0.580622371,1.648473716,30.83960894,0.003760498,0.002419969,3.851434255,0.310403463,0.080475554,0.00395247,0.002842578,0.003641724,8.769280096,2.798281867,3.377225508,0.810517273,6.153023904,0.8607149,4.707237984,2.706501002
AT1G47290,30.0935338,37.02367041,36.08410468,41.82569217,24.22778641,34.02268418,14.95006661,5.813416541,6.881314914,47.2345006,26.07148943,9.546388712,18.08421787,9.106988954,36.30358428,40.80162444,32.18674739,8.496446506,9.764094391,9.221037246,0.91369676,5.778345746,2.36220438,0.040637779,2.863219704
AT2G26260,13.87704236,24.77962481,19.10513326,15.27501796,12.6246725,14.20021951,13.50330241,4.400604663,3.316114167,15.55308396,12.33721135,8.671769268,12.22468511,9.778197112,16.37205998,14.96246372,9.254484213,21.28877134,23.02831817,6.591960918,20.21622788,18.95109957,13.18347766,17.84482908,20.51856918
AT1G07110,7.81001615,9.159106445,11.82978934,14.62136211,14.45573951,14.49807923,58.10749484,121.8223107,146.2156266,33.37565385,14.02144961,48.56262944,49.58148421,81.38192794,16.16206853,18.71035251,13.0903564,72.15330672,61.68428609,187.8792939,26.12639164,25.33163031,17.45454259,20.32973284,23.34499684
AT1G77120,1.817420867,2.380722434,1.35180086,0.414908295,49.53943545,1.048366559,1.408556745,6.105830079,2.412332671,3.882598778,500.7343454,6.70503789,3.97300743,3.416029191,2.700278998,2.045191605,1.538465641,17.91597245,25.76907082,14.32823597,0.012455376,1.00113479,0.835470324,0.063020205,0.040435
AT3G16910,27.93997319,14.16980261,10.91893091,17.77393142,20.11815058,27.9905713,18.2357008,244.9879273,124.8030012,29.5783365,23.4176339,11.70176181,17.12951639,55.38859326,24.02916224,25.87653039,47.59204615,4.40595906,4.639160441,137.5013581,4.356101919,6.55307737,4.091113308,4.629445791,6.522229925
AT3G48000,63.16834286,80.11400344,116.1830651,153.9631294,63.57313346,113.7788045,145.5455972,127.5825533,86.56922557,103.8319027,74.5975486,106.5346537,113.7788045,88.43261356,162.6517481,105.4970102,96.28122254,35.21102605,49.66898747,294.6597717,10.57794434,10.17175785,11.42310516,11.0746481,7.320110159
AT5G36880,30.82212078,46.34014175,36.72939444,67.8980884,202.6570768,98.3941704,34.16092412,40.06602186,34.2290763,98.73223702,101.0544634,43.59179324,56.1629027,39.09309103,97.04492539,114.0579421,85.48307606,16.23198379,15.28212881,20.80969512,57.34457545,58.50454811,56.18197258,52.5781516,59.31963154
AT3G09820,244.4671383,384.3988142,276.2103659,291.9357553,154.1245613,375.138916,62.07256931,90.42590352,43.35331994,312.9605997,670.7445733,145.5455972,105.7567233,229.5100654,841.256319,735.5972872,249.2726672,86.26452357,89.00038659,32.17905295,120.4451131,110.0685709,138.9001087,102.7624461,93.0132963
AT5G03300,115.7065226,106.0133255,96.01283315,79.15060308,60.9421019,120.6697636,21.34361394,38.14539838,31.10633288,75.19707395,161.0811846,49.83141163,33.79795347,50.47465971,251.1351018,256.7358606,106.0133255,20.51856918,25.88214649,34.11869061,33.42979243,32.61791145,35.29829625,29.2619365,27.73653444
AT1G69190,0.00501757,0.006210258,0.007091168,0.013751054,0.002397975,0.003720747,0.006377966,0.004310156,0.301604342,0.003760498,0.002419969,0.002050562,0.005256281,0.004595154,0.00395247,0.002842578,0.003641724,0.007136244,0.014619932,0.173749388,0.012455376,0.012598539,0.006685609,0.053817216,0.040435
AT5G41480,5.368309373,11.96851894,12.06938636,7.230818799,6.689509679,6.049256717,11.08378046,7.147422665,7.903700024,9.80329353,6.270461583,8.330511064,14.06031269,4.226841515,6.372932446,7.229426812,7.751020228,19.15224189,16.66593024,9.839777574,13.70937766,11.85376685,4.828652804,11.01294886,11.57289553
AT1G27450,253.991144,241.899847,278.0073042,218.3557882,112.5224505,201.3173409,46.45009108,50.51887158,27.55962997,187.4994449,235.6284907,180.0005367,117.7482894,78.68438073,223.8145218,231.1483994,109.5880095,172.6517241,160.6764551,53.84888617,17.14719684,17.43266515,24.9897605,18.59911784,15.45201278
AT1G80050,17.47188399,1.328355217,1.822766449,15.04145334,5.798158724,10.04033124,20.7589209,11.51275265,0.328889706,5.839474122,29.927287,19.38863573,5.383557011,14.61700905,6.64880581,16.70207678,19.06928933,150.4875233,24.23192203,0.328889706,0.012455376,0.012598539,1.969425032,0.068392092,0.040435
AT4G22570,44.09410528,31.90579221,13.88180623,33.11611171,15.37744484,17.14719684,174.389307,343.8779911,168.6905703,6.996245326,39.51947641,46.69987441,40.29772056,67.96236954,13.40155415,19.96847681,16.99411135,44.24024351,72.64582231,69.7135258,9.262510647,8.359769279,12.23762697,12.3702837,9.04490234
AT5G18860,23.71554827,12.39336189,12.76689696,45.35074481,53.57294423,56.01635904,5.551640367,8.373725489,0.1474417,9.620818801,45.75950769,2.553899777,2.179494426,11.81771488,57.54416111,47.425294,78.02596686,2.056228605,0.315986642,0.825213686,2.792962744,3.688127811,0.425733011,5.736578032,4.57907022
AT1G73250,22.676015,50.98401343,30.21353418,23.10286879,30.62606719,27.34020423,10.63720834,10.72792407,17.68036477,42.31809359,18.41005596,11.58515237,8.213753473,10.58894289,20.23659474,22.83468365,18.81433522,2.898590324,3.826950664,9.145664517,108.6402064,109.8669573,78.21084504,97.43315371,112.7749625
AT3G51160,89.75599697,144.1939939,47.04037526,98.57474859,86.37250221,149.6555689,28.7395763,23.90306534,85.89495385,53.23652881,98.67179793,39.32149248,39.19834158,49.98460898,186.7730418,202.3667119,161.834222,11.10827107,12.32176141,24.56665745,39.37442723,40.7755434,33.17680723,33.8990056,37.41546231
AT1G71750,26.52546529,13.0903564,22.17360666,11.31223164,6.965998519,9.06948276,16.66593024,9.010013346,8.593541317,5.074797084,7.778205091,9.106988954,6.82990773,4.898330502,6.90949407,6.093284361,9.795960905,8.359769279,9.872401932,15.35161851,8.730458696,5.604771579,17.99988363,5.763990123,4.242464953
AT1G05620,34.31761672,77.42347111,42.85862311,55.88211649,38.4489447,55.25441956,9.592436582,4.068379897,1.89880162,34.67530311,58.33992268,9.528724887,7.49231856,5.467018098,58.20582393,61.46317137,43.64432453,13.47040395,10.74305031,4.299660194,21.23691888,20.18627837,17.65043193,17.03001249,19.42364719
AT2G38280,16.69181217,15.16984023,31.50798198,25.32067466,17.39968133,25.74235393,11.35985156,18.97933404,19.27915702,68.26472239,36.92183989,15.40176808,35.98569233,32.02794731,48.10943962,46.2774451,25.6034801,13.7979772,15.04145334,25.28151407,7.672601108,7.259556905,10.04033124,6.109849957,6.644387049
AT5G58560,39.99399954,42.2894347,26.11770089,20.5962182,34.69168856,36.18279765,29.91154434,36.34552399,28.92829238,45.89696128,35.38373367,24.37231808,32.67964522,40.28360563,28.58735292,35.87013487,32.56592478,44.42277321,60.07628777,26.41249362,2.593213591,1.471321028,3.050658735,6.120535384,3.199452496
AT5G63910,27.49207811,26.49098771,18.30113939,27.9905713,30.88445446,25.58046191,13.25752956,23.72596029,17.84762806,48.61515318,24.3332755,17.59319628,14.23325252,25.99537079,20.73441159,24.56115839,42.02400495,6.073283637,7.147422665,19.53593148,33.02029604,35.10820733,29.97788505,32.2340951,29.4695365
AT3G44860,8.807552163,0.201164356,0.511290913,0.620987914,441.6492419,0.125646821,50.63842574,34.12567662,564.9994482,0.265895747,79.56975809,106.1736285,0.19899512,5.091336862,11.28284754,0.106667898,0.048914132,0.737907292,1.037499702,103.8846749,0.012455376,0.012598539,0.020970434,3.957185168,0.040435
AT2G43980,21.2703684,20.80106933,23.36754861,19.2086929,15.09397574,15.49598824,10.73850131,8.171958956,5.786431766,16.77907669,19.30157244,9.880202274,19.66816047,5.723004272,18.11950515,22.77726144,25.00711121,33.0292083,31.06057699,9.028576918,10.32597685,8.566232659,8.401514281,7.849695709,8.470838785
AT4G08170,5.383557011,8.434290596,8.203953427,5.842524482,36.5651759,5.869376631,10.3771528,4.935666376,199.6287618,6.450746687,12.37225304,7.093957017,7.671714692,3.892810764,7.137370158,5.860047435,3.728628719,16.9065077,11.12594652,9.822797049,30.85325341,30.48945333,24.59385848,31.06057699,28.86247504
AT4G33770,2.939462697,0.82923764,2.423373033,7.667779487,2.754674169,7.153397157,6.259260378,4.511498026,5.196078138,9.894542988,3.646582794,2.685058713,6.175840812,7.14445493,3.654413843,4.586571034,22.19382579,3.236295316,3.749296339,4.588619563,12.33721135,12.23311487,8.071575895,10.68204792,12.99405071
AT5G07370,21.85719192,23.69937992,10.22922607,26.34879519,29.02756633,20.73441159,18.85471339,36.81039754,21.05639073,19.19038797,19.08028394,29.28217897,24.38250042,12.9476072,19.97757651,18.3444027,25.43388815,76.02708256,63.63537201,43.65896979,8.330511064,8.53759372,8.225677996,9.819719243,9.141471696
AT5G16760,40.35469153,55.8538583,44.17222008,48.00744052,32.49194575,53.14737643,31.77532163,29.21725203,24.29398154,39.32149248,39.61005016,26.18054434,36.1945456,13.37990899,49.69273984,59.91707746,45.3696905,15.62799558,19.61429657,15.92784579,91.21193658,89.90955787,98.57474859,98.3361238,87.60791766
AT5G42810,11.58515237,19.91259138,12.74026813,17.17275072,16.86046425,12.43796051,25.30809417,25.3262586,19.25783877,18.47484846,11.32400381,7.983817706,24.5892006,14.77670026,14.85505144,14.93899525,11.95136736,6.104878517,7.004616404,24.49360908,3.115677881,0.838592278,2.578374704,1.331101196,0.040435
AT5G61760,23.22021746,23.08205705,13.68207047,17.79360723,14.27599999,11.04289092,6.661297478,14.61502938,8.938523699,9.237652707,17.87849929,12.35156581,9.240085312,6.028525334,19.16936878,21.26544761,19.20544782,23.29854426,18.19555915,8.404580995,25.40913813,23.60450888,28.80025791,23.24612137,21.81227252
AT1G65930,509.1744169,423.2674977,300.5151387,920.4963683,589.7084871,1053.561978,120.1660523,473.1389891,340.0912633,1377.967545,999.540402,223.8145218,174.9956978,150.1012779,1362.877325,956.1848289,1221.437382,70.73634729,82.23008179,218.3557882,26.97061599,26.6197241,36.43229622,24.74910083,25.31461366
AT2G42790,57.47820223,31.13275391,26.31039468,85.04725535,52.76609488,43.41479091,30.37173127,44.55235055,27.3002617,119.4201069,35.47208691,44.9227057,25.53263014,12.93160907,50.3090304,45.93132613,48.84155687,17.9380615,14.64923604,28.26275816,14.38146111,11.99288088,9.872401932,12.29209029,14.32823597
AT3G58750,32.49194575,27.86357525,16.9065077,36.90080763,81.38192794,36.34552399,24.27122498,16.67180628,22.271067,177.4238615,28.4040031,22.20483243,26.3348107,11.5608674,42.51368778,36.75233464,36.28530873,8.752472155,10.05721257,38.7216637,71.67367115,71.99900078,44.00747136,55.27433812,66.15324858
AT2G14920,0.142700165,14.49807923,2.08015472,1.090500728,4.773083134,1.44391839,0.006377966,0.004310156,0.003737688,0.793428585,1.104837026,0.01088417,0.008701341,0.004595154,1.212401456,2.509893353,4.858436774,0.008917058,0.009099999,0.005866606,0.012455376,0.012598539,0.014726011,0.003702861,0.040435
AT2G26710,6.331570011,12.96682129,5.017672829,6.999053279,25.76370929,9.04490234,7.648504295,1.835625038,0.541680449,6.802259893,2.771480638,3.172838762,1.003808128,6.209476212,4.712661335,3.32705277,7.146271941,11.51509216,19.5695311,0.447246478,0.012455376,0.012598539,0.174888371,0.10703303,0.040435
AT2G28880,1.823538999,3.880075979,3.820548645,2.894589147,3.342147653,2.996567752,9.068090002,7.053367153,8.863398288,7.724719375,3.071687674,3.640360115,6.247709793,6.436550466,3.253287038,3.97300743,3.437982252,4.074866125,3.582585937,9.872401932,33.59051275,32.79317069,25.74890261,31.98355335,33.86481419
AT5G57850,12.89390445,16.87350058,21.21487914,12.96682129,7.707880744,8.57172496,30.66610047,30.91742862,29.15347833,31.21392308,12.62138109,47.2660976,39.33135615,21.86254305,8.905080606,11.91985725,8.384386888,89.0533473,99.6690021,53.91609992,24.09591234,23.28506114,24.31120893,25.6899147,24.84593561
AT1G79440,24.46318451,55.73336142,32.71189244,41.91667199,57.39839664,41.07034863,18.82214827,12.98584468,13.22192587,80.73017075,57.29435972,103.6557315,45.81729803,11.28696912,48.96258247,49.98460898,54.62108158,60.37383558,44.89006209,79.22192124,15.85557019,17.95361742,16.288478,13.67813167,16.99783972
AT3G06580,22.78842254,40.90518657,26.8115569,41.49868516,32.74559438,37.49521541,18.66037244,26.50930995,23.3161792,51.35960773,34.49601707,28.85303221,27.8815867,25.37161465,35.70189144,38.39818381,42.1998918,63.25518338,61.9906781,37.42669879,26.22422113,26.26795129,26.7780394,27.7887424,27.82822178
AT3G57520,12.11783648,33.54808589,53.77987741,46.08073594,178.5435873,78.34562942,6.721971359,46.97816633,244.9879273,293.1953205,268.3642641,167.007426,16.04715513,39.04598231,86.78193204,87.727322,48.96258247,202.3667119,78.39626339,1490.777314,38.18319997,38.42427013,27.1423083,40.98334825,45.24357648
AT5G18200,14.77152055,21.24555514,21.53459547,21.50797673,9.227957013,14.56727327,11.49372353,28.72472487,18.80003145,17.88400776,14.4503338,9.36334645,11.56303561,24.2060565,10.21961536,10.50772807,12.46314024,10.18208572,12.52247205,19.96847681,46.35729905,43.90260115,57.91385475,40.90518657,40.0995337
AT1G09350,5.743015153,1.378229607,0.007091168,0.757161067,0.284400963,0.821049516,22.03355196,2.298440727,6.972854692,0.412492657,0.514854921,7.574135408,0.348605592,5.646454955,3.153379067,9.38039224,0.933306617,0.005799173,0.001312908,6.903881886,1.219566081,0.012598539,0.002046042,0.061803239,0.040435
AT1G56600,10.67180175,1.033398365,0.388537764,0.041420235,49.05771753,0.128408854,40.23188393,269.3585321,36.75233464,0.041131077,1.540996718,12.59047317,0.376035381,3.682269807,0.520830219,1.056348455,3.531623847,0.180498337,0.349802359,2.143174362,0.012455376,0.012598539,0.099705332,0.003702861,0.040435
AT2G47180,2.080823261,1.455948499,1.949399019,12.8759849,31.09878725,7.374686624,19.68011317,54.92867356,51.58241359,2.397391468,13.40392478,7.770833911,2.532194524,36.16089708,3.763792104,8.617866121,20.99606653,3.982461608,2.095107229,19.25298178,9.338789911,7.252388008,19.21977648,11.97183436,5.526076363
AT5G40390,68.58734325,22.3136926,9.801065054,10.58293927,115.2453701,20.98260305,26.7819806,27.71472133,111.0978448,6.024031243,130.2850989,4.712154293,10.4678642,10.62309794,40.86015873,59.50218882,35.88816307,1.967693319,3.192609528,10.39998738,9.462104244,9.936259446,4.597006304,7.936737101,9.495463287
AT1G68760,87.13716537,28.3380451,41.04458172,32.26264115,15.96984947,19.58665555,13.81641203,6.675052621,3.989422892,7.466903688,36.27394785,10.52720525,11.90310837,11.83807154,29.03575236,24.2060565,22.45838796,36.35547345,29.03575236,10.47005466,6.813917618,0.012598539,1.516647939,3.641209297,4.193765313
AT1G27980,17.85915135,18.53576393,11.51972261,20.16919826,4.542630951,16.87350058,6.256303747,8.778924841,8.029166702,15.22787027,19.7363963,5.683098997,15.20633987,5.801990414,25.56177107,17.0046337,21.47562193,9.93292074,8.382634411,20.08343999,9.885958776,11.41217617,2.938825044,7.44998834,10.55316906
AT4G21540,20.20401884,19.61935352,15.88605998,21.20445986,20.26738882,16.89388603,4.312535522,29.8921268,36.29587518,25.0460946,15.18733845,21.38373522,8.690492352,7.873495027,15.64740103,15.12178448,19.30503391,54.88046458,50.19145357,15.8707848,130.8347453,132.3893182,94.67432483,103.0706989,123.357967
AT4G26420,0.00501757,0.006210258,0.007091168,0.002301972,0.002397975,0.003720747,0.006377966,0.004310156,0.003737688,0.003760498,0.002419969,0.108570372,0.016452144,0.004595154,0.00395247,0.017504448,0.003641724,0.025103606,0.00337142,0.005866606,0.012455376,0.012598539,0.002046042,0.368491912,0.040435
AT5G56300,0.00501757,0.006210258,0.007091168,0.016385586,0.299858039,0.076576992,0.006377966,0.19035439,0.003737688,0.152377853,0.073025392,0.414562388,1.83322122,1.345350744,0.00395247,0.068821931,0.029739443,10.71969739,4.133672198,0.005866606,0.012455376,0.012598539,6.686593782,0.003702861,0.040435
AT1G06820,6.084800638,7.924201352,11.24013253,8.827199152,4.563942156,7.179406137,23.42263181,21.55920891,21.20869535,7.021375506,8.811461373,15.03416474,20.68656056,13.45841357,10.23892196,10.39998738,7.700145521,24.23635866,19.8916512,34.14179015,6.389852153,6.199434337,2.83898037,3.306933572,7.161456617
AT1G10830,6.054313451,6.005386801,7.082720224,5.905558564,9.247846596,5.40743465,35.47208691,14.01939622,20.94590013,9.817769306,4.173074405,16.94208473,23.92160612,54.98935083,4.604949034,5.217852621,4.42612902,9.324946492,12.42155509,38.67280063,2.419023084,2.875337042,2.136253375,1.599544036,0.040435
AT3G04870,26.58390476,10.1088824,8.766305101,17.21346285,9.852823504,18.08209859,65.10912451,72.46376765,66.59114948,23.50654579,10.71589083,35.14706704,102.6230852,100.1402224,19.1754439,16.22518032,14.14310547,9.303163702,9.326342156,287.1276768,5.398857974,3.227171053,3.763792104,3.236295316,3.771865515
AT4G14210,9.647651932,4.51757344,8.306917055,10.76265215,4.937261185,10.03668162,132.6400624,68.32770981,78.10983887,16.20295759,9.054509548,38.1320832,68.32770981,54.80163156,11.98990692,9.098987087,9.440931918,6.163361778,7.993001437,199.6287618,3.470614647,6.173207931,4.06919349,4.835773425,0.040435
AT3G22200,140.9483858,116.4122012,39.89943856,126.8445113,307.9561677,200.144119,71.67367115,30.00735074,23.91632129,344.8712231,117.3420651,56.04065009,66.70970496,22.90649787,267.8308085,188.0834488,465.6157308,12.99696706,12.17287308,431.6191141,29.39516185,30.78541073,32.25495197,34.44501066,31.60449418
AT2G27690,3.681495907,2.802210218,1.154002362,0.353686551,30.53243078,1.478815888,0.8425834,1.05998612,45.62782498,0.97526735,22.95486001,7.328508736,0.561967835,0.423059155,2.781383687,0.417247102,1.2615478,0.585980724,0.354913187,4.178855452,2.941224366,1.003597587,0.265088012,6.492106392,0.040435
AT5G60540,23.74140081,21.582956,50.80699983,29.80294932,24.5435466,18.40335858,18.13219649,35.88816307,37.31404121,28.28502103,37.33373223,50.43284166,30.94133671,11.4909818,20.46350392,25.3550116,44.7348178,28.96971483,41.69473113,273.1690579,18.55344532,17.08856626,19.68011317,14.13029347,16.08388271
AT2G37040,524.1594508,50.66190364,3.03543707,155.8161199,104.4200706,477.1605172,73.22454535,28.58735292,5.988220512,60.67707759,495.8120129,14.05503891,227.3897936,125.2569667,926.6635453,517.6475857,299.1561769,8.382634411,7.709460202,55.64640915,7.988652163,7.324709607,2.750727434,5.537077742,0.040435
AT1G01600,1.221112032,0.174743491,0.007091168,1.949056372,0.03064557,3.830148151,0.188803949,0.193965312,0.093893236,0.312013318,5.730354543,2.613022695,4.626166193,10.47005466,12.44980889,4.43606286,3.591376809,4.429035458,5.348353175,0.329721193,5.241317313,4.023520678,3.504845413,5.852447011,6.010453349
AT2G45970,6.340715076,0.779124797,1.1287441,6.030987724,0.304382639,17.09381727,24.53158136,10.30021865,0.703823018,1.64765026,11.2063343,5.133026862,24.62665092,19.52087117,21.1439187,11.4697657,14.65984163,8.187113739,15.65708045,1.743499434,35.36527158,34.86251249,40.17210066,41.99574847,36.50510481
AT4G00360,0.464818254,0.246547542,0.314845888,21.04478021,19.13479752,33.63682226,142.0078841,315.5698586,4.023520678,2.259617081,6.569602083,85.15331551,96.85360408,141.0718775,55.22585042,16.40520475,37.39655428,0.247002164,0.768028951,2.952255396,14.34396639,13.59117286,13.19784893,15.53246166,11.68613615
AT5G58860,1.544435659,0.006210258,0.482278036,113.6577576,0.002397975,82.62843732,0.006377966,4.401651772,0.219565117,15.10307516,75.28468252,0.318027904,0.001915474,2.16365678,226.3845761,104.3584881,193.5795464,0.003391992,0.012045964,0.005866606,0.012455376,2.220184082,0.002046042,0.003702861,2.795576758
AT2G24210,0.00501757,0.006210258,0.007091168,0.002301972,0.011484675,0.003720747,0.202063467,0.004310156,1.468417248,0.003760498,0.002419969,0.187421795,0.00818262,0.004595154,0.00395247,0.002842578,0.003641724,0.61922449,1.779892626,0.005866606,11.11314353,6.826720138,0.611009393,12.46122779,2.731633813
AT3G25820,0.00501757,0.006210258,0.007091168,395.4619867,0.002397975,0.030000645,0.006377966,0.004310156,0.003737688,0.035024848,1.140776195,0.000137383,0.007672908,0.004595154,18.70704674,0.17293341,0.028638126,1.35291843,1.755995781,0.005866606,0.012455376,0.012598539,0.002046042,0.003702861,0.040435
AT5G48950,4.856758994,5.6064432,11.80774628,2.513754297,0.600379791,2.074244118,1.670948925,0.853532254,0.043472415,2.617927555,1.235430261,0.249380084,0.702155812,0.944179603,1.679125254,0.989807157,1.864151387,1.928102319,2.441845805,0.300942617,8.282804183,7.687886911,5.569176369,5.138452569,8.28441302
AT1G74540,0.00501757,0.006210258,0.007091168,0.324859887,0.177132996,0.423326726,0.336412844,0.004310156,0.003737688,0.003760498,0.002419969,0.104435954,0.009185332,0.955256328,0.00395247,0.021712719,0.003641724,0.001431466,0.001312908,0.005866606,0.012455376,0.012598539,0.12913539,0.003702861,0.040435
AT1G74550,0.00501757,0.200789908,1.179445392,0.567871005,0.395617555,0.587364701,0.006377966,0.004310156,0.003737688,0.22334968,0.1219457,0.145992853,0.001915474,0.648472333,0.00395247,0.024658752,0.003641724,0.136111139,0.065416667,0.005866606,0.012455376,0.012598539,0.043127666,0.045807299,0.040435
AT2G19070,0.00501757,0.006210258,0.007091168,0.002301972,0.002397975,0.003720747,0.006377966,0.004310156,0.176444682,0.003760498,0.002419969,0.357420574,0.001915474,0.004595154,0.00395247,0.002842578,0.003641724,0.020823708,0.001312908,0.005866606,0.012455376,0.012598539,0.18701267,0.003702861,0.040435
AT1G65840,206.9842651,90.98277707,21.15770152,128.8054841,162.6517481,133.2834006,20.58539991,12.82429966,77.01754707,75.15224533,161.6792737,19.40561127,19.88768207,34.59096847,202.0908328,218.1329677,176.3845684,8.066292284,7.058864702,29.65100069,246.4572862,251.1351018,218.9924787,236.90389,267.8308085
AT3G59050,26.46091201,18.40335858,11.78428595,0.002301972,51.2444072,13.11503262,22.23346327,39.92902086,47.00633296,8.062139987,16.99783972,14.87432324,23.17561363,0.004595154,0.00395247,17.04488543,0.003641724,10.83363388,8.384386888,0.005866606,30.43451753,29.28770928,24.82804141,28.64688877,28.71615454
AT5G13700,0.818542064,2.262302673,2.764591353,0.596823224,9.224380683,1.052568057,1.22458684,0.541680449,33.37565385,3.774171074,9.747974948,3.467817303,0.539706136,1.519287279,2.429410235,0.90486371,0.664054713,1.053797432,0.860305073,5.245390527,59.46183749,62.4937541,57.32261347,73.08724178,78.43642684
AT1G18870,2.922318228,0.006210258,0.465028391,61.16175257,0.083633895,4.83429894,12.59436552,1.138902509,1.472154599,0.571644291,2.036705089,4.75944022,1.813347861,2.118247131,21.84528433,20.12587502,2.506471768,2.035639186,2.683212659,4.699884242,13.4677852,13.55751625,0.64523967,14.03724951,15.48718582
AT1G74710,7.729988148,5.50752839,3.818877349,4.269060754,3.909318722,3.146342729,19.95965455,5.320865349,10.68785166,3.567704755,6.548886987,9.350565849,6.457758565,14.38146111,3.928634179,4.127531688,1.938074962,4.295001338,4.460574941,10.22694172,7.954773264,9.995715611,5.307242398,8.018868038,10.98861786
AT3G10550,12.43110142,7.792654513,6.245843324,10.23210873,32.19758136,11.11511337,9.642124419,7.176291229,32.90686594,15.01743523,8.56940776,6.572557115,6.70503789,5.826748223,9.408233934,9.062512529,10.72792407,19.07766148,17.50283389,9.63868465,44.74994515,44.1384578,36.06346775,46.29567042,47.73786714
AT1G34120,9.960589537,8.774409856,7.135321323,8.046968648,7.431955759,6.671424593,8.728787634,6.058149942,4.345191406,9.416090118,4.671029057,5.968222522,4.411347269,4.161157418,5.690531241,5.618132973,10.01469645,4.606201062,5.241317313,8.472516692,12.86799919,12.15430291,7.077725997,9.406934055,13.91714694
AT1G05630,6.026905572,4.727129254,4.009636917,4.863143804,7.763783503,4.821463778,6.490951528,8.203953427,13.37218207,6.75501208,5.326217596,9.010013346,4.323576246,13.82933916,5.167794055,4.349456228,3.85889829,7.117010684,5.719235797,5.578367139,88.43261356,90.29046568,70.04479618,84.20391011,91.43831768
AT2G31830,0.099178316,0.15828966,0.907066875,0.270364654,0.158821667,0.24605382,0.691204105,1.323963381,1.342590731,0.784175165,0.386553403,0.935797417,1.092735906,1.385819702,0.236332008,0.420035441,0.328245309,1.184091292,1.485209715,0.886214063,176.7680054,182.3620369,162.2430256,185.7337621,203.5328072
AT2G43900,1.249969614,1.358996816,2.226407229,3.433374874,5.331495498,3.204357857,5.960286251,10.67268368,19.78942996,13.64292254,2.04850827,4.516942213,7.667779487,8.357054714,3.03543707,6.439989028,4.695425347,3.152931378,3.514782049,7.595934326,108.3869852,109.0065278,97.70619077,101.253503,120.3389501
AT4G18010,15.19957407,1.554658625,0.502060145,5.23094208,30.82965589,10.31035837,12.41241775,25.03489317,337.7960772,7.423325998,57.84389207,22.20008453,20.23659474,11.69771744,31.00330083,37.82656499,18.54371548,3.308986995,1.466274248,95.55368611,3.025208335,2.49791515,1.122662685,4.139667708,0.040435
AT2G27190,17.25515246,54.03659208,64.19715986,65.57166585,33.94320163,41.90468163,17.19480401,25.22496033,8.224091646,27.28299923,34.03932612,28.83038236,19.10513326,16.05402827,44.29928322,49.48487881,93.0905588,38.7550553,57.06262432,29.38886309,17.67657234,18.11194497,16.3932353,22.71726143,28.4040031
AT4G13700,0.00501757,0.006210258,0.007091168,0.002301972,0.002397975,0.003720747,0.006377966,0.004310156,0.003737688,0.003760498,0.002419969,0.062923639,0.00631962,0.004595154,0.044752206,0.002842578,0.835077477,0.005826429,0.005207882,0.005866606,7.179406137,9.452062991,2.290927398,4.689144817,7.924201352
AT5G24770,0.936572234,0.006210258,0.007091168,17.18790888,0.020234661,0.265376601,4.549791039,2.734068392,2.413956218,0.343785692,31.4643515,29.73998316,8.718948334,25.76907082,1.601109387,1.216955691,0.159950287,822.4598939,480.3897457,7.424472375,13.2721959,19.98274639,9.399220125,23.00044116,0.040435
AT4G34710,158.9385518,61.56094657,27.97171574,82.33743989,457.5755507,72.86477465,21.13436788,28.11797147,579.2890057,79.07283184,593.8331438,68.30177371,115.1046692,44.8749606,222.7592606,112.5224505,54.59938525,20.91533476,19.87659139,167.9333546,278.0073042,286.5520038,236.90389,273.6574782,305.1589931
AT3G10870,0.361101589,0.006210258,0.007091168,0.715268695,0.002397975,0.983623805,4.689144817,3.748439426,0.04919239,0.292221027,1.362940167,9.455554972,5.227502542,12.3702837,1.170631708,1.752680296,3.283186756,214.6456193,45.57005587,0.509575989,0.012455376,0.012598539,0.229831591,1.461193891,0.040435
AT5G55250,37.46216728,8.479665837,0.97848306,1.763419869,2.659000453,5.188994757,5.311264425,3.437982252,3.416029191,1.239919997,1.044487757,1.907708704,1.116260288,4.601862092,14.63508617,11.71420551,6.600460448,35.60344702,4.445407624,10.08734949,0.012455376,0.012598539,0.00730566,1.238986429,0.040435
AT1G30620,9.755974306,21.47873927,8.195525142,10.53895016,67.56122302,13.85904074,3.353018081,4.682222609,81.38192794,9.865629354,12.97296153,11.85376685,7.675555255,3.608734088,11.72648052,9.980053158,10.59101527,9.53946742,10.3016706,16.58543295,43.78628745,42.79209721,36.2196703,37.48459055,46.12741012
AT5G23960,0.00501757,0.006210258,0.007091168,0.002301972,0.002397975,0.003720747,0.006377966,0.004310156,0.003737688,0.003760498,0.002419969,0.011729253,0.005126249,0.004595154,0.00395247,0.002842578,0.003641724,0.011166889,0.175182766,0.005866606,4.555382598,2.419023084,0.036491158,5.439294092,0.040435
AT4G34890,16.86279965,14.52103668,7.345797528,24.26593582,30.63887766,26.60640569,14.2742893,17.91597245,15.80830349,46.69987441,14.80650846,8.981102634,15.13199546,13.48022109,37.1534658,21.924812,22.683987,4.652341066,4.456124022,38.79013746,19.33104387,18.9833656,17.8329947,17.61447259,25.29057467
AT2G46370,46.16326641,27.68656125,27.98421399,49.58148421,294.6597717,67.76745285,61.46317137,46.30948436,972.0346385,80.91992215,34.81240943,22.78842254,51.11198346,27.69924514,47.76622935,51.87627329,99.42217583,6.522229925,5.233809759,73.47427452,12.07759469,7.377965792,7.781505863,9.930892298,0.040435
AT1G11720,0.737192087,5.765153757,8.49396944,3.262939015,2.561088092,2.466983103,15.35917499,26.99574353,37.8689889,9.958541772,2.708567552,10.77563645,28.22791764,23.36139418,4.15382362,3.018182682,1.301998008,23.11396645,33.07743317,50.13716743,0.900819107,1.511809056,2.625325819,0.17293341,0.040435
AT1G27680,4.711658017,9.655027034,18.55344532,5.405685817,2.210334689,4.336334345,5.415015391,3.513041908,1.98726165,11.28858123,12.07221437,13.66840088,17.13611516,6.391131152,7.50499295,11.35762754,4.903235742,87.727322,96.72432898,9.620818801,6.905368953,7.358556517,10.08008224,5.44860385,12.49962076
AT1G32900,0.00501757,0.242194079,8.298783947,0.312485209,0.863828012,0.857627078,56.37352698,890.7448109,509.1744169,1.335965154,0.324657563,5.684131368,242.6363921,112.1510215,1.787145762,0.445587741,0.41704331,3.855604192,3.244315752,350.7077014,2.559954807,3.779204508,9.283151364,2.908755004,0.040435
AT2G21590,0.00501757,0.444818746,4.946044081,0.721895016,0.905224974,0.466774064,4.429035458,3.034322911,1.511809056,0.423326726,0.506514115,7.742455863,26.35607006,3.220307627,0.42140658,0.499073029,0.375350011,17.50564778,18.49637779,1.656769155,4.735036251,4.189819788,6.059522581,3.761711624,3.448584795
AT2G36390,10.5193146,15.36793154,26.16864267,18.28216257,22.1854296,10.26541415,23.90306534,14.55794752,25.54041871,26.50362966,20.70498781,101.8893819,55.38859326,17.1629755,14.28069848,18.93093164,16.749517,230.4169797,161.834222,125.7444731,146.2156266,151.477539,163.0739613,196.0054643,159.3521946
AT2G39930,1.499848958,4.183154409,5.979811127,7.518167869,3.506841276,6.759806386,36.86232194,23.62590287,24.36131575,14.82643356,4.622883289,27.62922031,33.49118283,23.39828393,5.627771107,8.015220397,6.661297478,8.205498169,6.507603583,41.04458172,11.22200752,10.32093274,6.04009829,7.202210653,11.80161329
AT3G01180,3.919799245,5.056686757,5.777203403,4.922205567,3.314287631,6.292449711,25.86272395,53.89346081,35.89721879,12.16079871,6.139477544,8.997057698,14.04182225,41.40400329,7.6849822,9.196527747,4.087839871,5.500650304,5.470758275,28.62720002,3.236295316,6.234866431,4.351361113,1.286069765,5.335983304
AT4G18240,3.494817152,5.013462748,7.258108533,10.74484513,8.15981408,4.656325061,31.09082217,18.72141485,14.44392737,12.8500835,7.351447061,31.9588817,63.42852031,21.63618602,7.902321893,9.720568617,7.813862392,11.97183436,11.185738,56.20922435,7.53674965,7.055012345,4.528575124,3.013123429,7.493888284
AT4G39210,1.387168871,6.890742551,13.38217495,4.305314265,1.245030745,2.743214327,23.27123537,25.66359891,23.08205705,6.185042262,2.532194524,14.47898377,186.3311456,15.93380177,6.549897569,5.863356536,1.868767779,13.97537105,10.96127556,30.23122367,43.81691926,42.94055036,39.63463967,40.7755434,41.81555303
AT5G03650,4.629445791,6.344733241,10.33579067,7.232677929,6.218475875,11.0197452,69.05707818,36.45599141,35.96118115,16.69670935,10.49115976,30.03426425,133.1535799,56.61797426,11.90991929,13.61848437,7.028649034,9.826747076,9.360115815,101.6578906,46.58831319,46.43431962,39.17165302,47.21873666,65.90759223
AT5G24300,7.194977324,13.2404875,15.43040704,10.20620151,6.050520994,11.79854173,64.13417466,67.12839879,72.49963173,14.6873343,12.49962076,54.7831588,47.79780951,47.32574125,20.74744508,25.10471516,6.612852689,15.42775466,10.56134699,151.6033962,23.49234615,23.87031516,23.15677503,24.61788739,23.77201595
AT5G19220,11.63806998,5.727219703,2.706004666,4.454996564,12.64772916,9.94833184,119.5022595,216.3217083,257.9983762,2.243708712,3.78032635,153.4441204,215.9235988,278.0073042,10.06045382,7.125450371,6.122728342,4.688215291,3.687264368,460.5226785,3.268056286,3.398420486,2.881536986,3.939853915,0.040435
AT1G28130,20.87077259,21.7377763,8.193532832,89.98524329,29.95654958,49.98460898,1.872669088,1.370636787,0.351329455,3.765107144,17.47566376,1.70900605,3.239172537,10.84393122,30.85325341,34.25655954,79.6734691,3.151424014,3.308986995,0.68101725,9.55424814,5.969690929,1.149666315,5.829935767,0.040435
AT1G59500,0.00501757,0.006210258,0.007091168,0.092403269,0.002397975,0.003720747,0.006377966,0.004310156,0.003737688,0.003760498,0.002419969,0.001457667,0.001915474,0.004595154,0.00395247,0.002842578,0.025030834,0.122391458,0.285337399,0.005866606,0.91939645,0.012598539,0.002046042,0.003702861,0.040435
AT2G23170,9.316843163,0.251443232,0.454734521,0.226016533,12.27389623,2.029112507,1.743499434,0.85535029,94.18646595,1.745867881,2.387418241,3.345314518,0.826525041,4.531985688,8.960602921,4.828652804,0.993846118,4.204610192,13.71189507,5.702138201,4.269060754,0.936572234,0.929234569,2.593213591,4.608739767
AT4G27260,33.97346557,6.17358027,3.543800607,6.888132056,23.66066455,22.15291666,4.421192548,4.113531501,22.2799108,9.977795545,9.577898138,7.164561299,6.20709147,13.49492453,8.662040101,10.23678478,18.32840085,12.57930542,32.22533308,12.45271395,8.504899229,3.86992691,2.259617081,1.99251647,0.040435
AT4G37390,59.56699362,0.977223413,0.843990118,11.96490224,38.55689327,24.13342346,0.305080741,0.064937769,7.621319708,8.705530647,6.340715076,1.658975339,0.407650793,1.170631708,8.737023416,6.07585915,26.31039468,3.748439426,13.60042199,2.311312651,12.20926438,12.3702837,1.650039237,10.42758426,12.59047317
AT5G54510,45.84540018,6.292449711,4.810393457,18.90744026,23.40341904,20.84225744,2.800591085,3.411288204,13.12348345,5.914064563,6.661297478,17.7212086,1.312518303,43.7733952,11.81933752,11.34196104,11.1398979,17.53999194,3.57094732,9.745780981,10.29664177,6.427585708,11.84629897,7.833288778,0.040435
AT4G30120,0.287189851,0.006210258,0.299858039,0.417988212,0.021929257,0.827080899,0.183605423,0.831800772,1.772529341,0.499359865,0.390526702,0.331918039,0.137221024,0.073066692,0.738749132,0.903661066,4.19868545,0.946514207,1.05998612,0.138535587,0.012455376,0.012598539,0.006078143,0.029147345,0.040435
AT1G35580,54.63890744,82.11245874,77.87840563,266.1415057,210.3929503,218.3557882,57.39839664,28.68125902,35.22110236,814.1178353,276.2103659,61.32354574,15.89845152,36.1945456,165.9481094,137.5013581,234.9699109,38.94833851,44.1384578,39.37442723,5.326217596,4.689144817,11.46008659,6.616886683,2.580762909
AT1G56560,9.367887488,7.464897372,5.604771579,8.080791744,23.4568849,9.896130446,14.75855622,15.25814762,13.86690586,7.778205091,8.04232322,6.253446512,11.99288088,27.41382168,12.3702837,15.11831523,13.09935658,3.314287631,3.754235069,23.51577102,40.45870046,42.38917382,31.44869014,44.9227057,46.90410729
AT2G36190,0.00501757,0.006210258,0.007091168,0.118953557,0.002397975,0.003720747,0.006377966,0.004310156,0.003737688,0.003760498,0.013361372,0.034898441,0.019215859,0.004595154,0.061933918,0.044980616,0.003641724,0.006616962,0.002634082,0.005866606,26.14083255,26.60640569,18.05276313,24.86478269,33.19945122
AT3G13790,68.19177984,96.98895645,47.88081086,164.7217732,781.7374721,255.4975069,10.77745793,5.000916822,34.03932612,174.2133345,168.2215673,8.196542157,16.38396484,22.56428508,202.6570768,147.2802979,201.8134632,0.929234569,1.957245938,14.18359064,4.499619137,2.682265963,0.420259503,3.423700633,0.040435
AT4G09510,5.193378101,7.807117999,9.202859874,3.896025648,7.158977246,7.124320686,8.082519057,4.275926006,1.789099157,7.994437038,10.01469645,8.693685288,19.04635264,10.95096007,6.654305244,6.85042791,4.364800459,11.64247258,16.80989839,3.728628719,2.631938324,3.483123895,4.966156337,3.774171074,3.734119996
AT5G22510,12.60081433,8.815162322,10.94371193,11.40185689,10.57650663,12.9753017,45.71643494,46.74788853,50.49801251,11.87018122,15.82732246,29.9060119,29.15347833,34.95187293,10.59717715,10.72637787,12.03768949,19.96847681,21.49468146,129.2493184,8.12708744,3.607844526,7.014183761,4.883756878,5.579738058
AT3G45070,79.31028226,13.37990899,0.636326287,85.15331551,26.6197241,41.54634785,0.006377966,0.004310156,0.003737688,2.598549334,52.6046983,0.62696519,0.001915474,1.269718198,74.51312728,59.46183749,48.35268149,0.00696887,0.003539165,0.005866606,0.012455376,1.88180595,0.002046042,0.003702861,0.040435
AT4G11640,3.148069024,5.824823796,12.59143653,2.485973995,2.285992054,2.74064513,7.209554778,3.957185168,4.920859392,2.176365188,1.678496927,3.193959167,4.74801469,3.678785008,1.688949795,1.393563959,1.42504529,8.951051285,10.08510913,9.949892982,2.959567191,2.592487949,0.545892765,0.309820683,0.040435
AT1G07810,7.120184671,15.34624043,12.87342509,18.23249889,14.40374473,25.07880773,10.73261787,22.34274122,15.11201762,41.65554959,23.4672641,8.804771054,18.83239538,8.114065534,40.90518657,21.32243827,22.02218431,14.45288566,14.06865644,15.87391144,4.848763354,7.370295436,10.33770741,5.405685817,8.971709039
AT1G10130,8.671769268,22.85897959,20.15540574,19.63726519,20.11477563,25.55227626,17.22364876,12.71113165,9.424078257,26.6458074,25.25102962,11.47232058,16.83943783,10.47322702,26.37055189,26.63380974,17.9380615,28.91671674,17.88687106,11.27873481,8.501089944,8.139558042,7.302419164,5.217852621,8.658494151
AT3G21180,14.20529108,8.792045833,0.328028749,9.285687412,23.42263181,8.786406906,0.006377966,0.004310156,0.356322081,6.918987824,2.759216306,0.001324682,0.031245844,0.004595154,11.82978934,10.08734949,7.645260495,0.018247331,0.029595034,0.211638856,646.7333318,649.5852436,334.6035184,439.0461032,735.5972872
AT4G37270,16.02242143,9.754163485,7.412371242,10.57650663,14.22064597,14.33620211,38.55689327,39.63463967,42.1998918,19.01246319,12.79529711,18.92805338,34.4780536,63.19556831,13.6874656,15.86274577,13.27994286,8.562251819,7.493888284,51.93768763,23.71554827,24.89545194,35.38373367,23.06762684,22.98738979
AT4G37640,18.70704674,20.66435771,12.0804381,16.61053958,61.73867237,32.10913669,12.47920979,17.71699934,125.5343653,24.19549876,31.04357292,17.29328132,16.77907669,9.559384263,41.69473113,32.07467798,33.18486753,12.09721965,11.59408071,29.7766106,47.34142704,46.20719403,41.54634785,40.96982439,59.26853132
AT5G57110,40.79036647,29.3501307,26.72061351,43.75531429,86.01539278,47.2660976,1.843428822,6.239966373,6.85217261,76.81131413,85.74937371,35.7466742,43.9716243,4.629445791,62.34660709,79.83053304,81.17811789,27.68177442,30.99303482,22.56428508,22.51820591,23.40341904,29.00885778,21.85719192,31.58076352
AT4G33510,19.25545825,11.98255562,15.62799558,16.83943783,20.14390586,24.04243781,108.5881884,93.99484269,101.5210772,48.10943962,17.20960903,127.3623155,157.8952336,57.10402003,16.04122262,21.40728423,29.55783685,13.36536054,16.39049404,209.158966,24.26028031,25.24335896,29.41736917,28.13091264,26.55286745
AT4G39980,47.5351802,36.65700421,62.07256931,49.22334063,105.6871391,70.14590569,82.72992107,12.64371044,74.29620123,136.9115475,331.3508563,52.78617207,103.2200466,64.22298991,102.6953914,107.8249995,51.37517278,44.55235055,46.13879829,42.26133604,22.41956081,21.50401836,22.02984633,21.30302511,24.06637182
AT2G21940,29.06176215,7.548429263,9.365196959,14.25398284,16.56201997,13.93253435,10.77943836,9.719127612,15.07948387,12.16426822,12.41241775,8.74135956,8.544477374,8.546685461,12.26884129,12.70219443,19.98274639,19.71270017,15.62507719,16.98149545,14.51338302,12.79529711,11.73080315,12.33999417,10.92335251
AT2G45300,26.10910944,12.03353867,14.15403586,23.12920404,20.70498781,44.72163771,19.15656279,13.94698423,24.17927706,23.4137645,47.46035643,10.01809148,34.08284108,38.1136717,58.48050079,47.95795901,30.18231075,7.776923678,11.02702107,14.61502938,13.48936288,14.40944929,7.770833911,12.56506078,14.82643356
AT4G39540,50.37294798,23.79831615,41.58930015,29.12461915,21.82456535,23.39314949,38.02087888,33.49118283,36.42642702,28.92185553,23.32283834,34.86251249,42.37514987,37.58746791,24.82804141,25.15560684,24.26028031,53.73756389,50.04344769,86.78193204,18.25931642,18.67957625,17.72420565,17.86658357,21.07883968
AT3G07270,8.784295359,18.36218378,21.00058843,12.57324323,26.0478946,19.97757651,33.45018167,27.58370154,26.62742272,19.81807255,23.94441807,17.71699934,22.26006538,16.97770655,20.26738882,17.41754135,13.11736539,6.419122721,8.035366783,30.73925048,73.86347078,72.30087086,76.30800074,72.23073091,73.98905633
AT3G11750,0.986637431,2.22439788,4.435637688,0.899223456,2.866685671,0.681418735,10.16961261,5.652816692,8.35870484,1.66687813,0.80085833,5.958553068,7.009753867,4.966156337,0.643392109,0.526963438,0.560925292,0.87607045,0.173749388,13.8268705,0.012455376,4.524869246,0.066271394,0.264562722,4.217998506
AT4G33520,3.124611795,4.174472215,8.98708629,4.365755913,3.519493529,6.673422953,29.51759494,27.17036942,29.36673244,13.66603686,9.6812283,23.66597778,21.31057879,20.43888265,6.264956034,6.453004881,4.693588447,22.60927484,19.55163697,39.65301193,5.886461713,4.545811042,3.775928135,2.145506644,6.188259859
AT5G21930,1.755995781,1.780642333,3.259392049,3.156402439,4.842697526,3.921357572,48.6573085,72.03231769,70.51286196,17.18244338,2.776408133,26.41249362,15.40953576,31.36794625,1.734547048,1.886785075,2.437207711,8.347615564,7.316946155,47.10341647,5.799521234,5.451468758,3.230959757,4.409217319,8.183034163
AT1G63440,4.964327783,1.289797674,2.324538113,3.372396644,26.35607006,11.7752882,0.549446036,1.847961147,8.191700656,9.967926269,8.306009856,0.56679121,0.911356388,1.187348586,8.073227403,7.717155995,14.33781856,3.813933281,2.070126214,0.469854663,44.17222008,42.15679328,41.16371843,37.68762309,44.00747136
AT3G45130,0.278308609,0.769741089,1.121462521,2.367387412,15.21475826,1.99121025,0.446592548,0.301995765,0.157075218,0.809577034,2.578374704,0.204794524,0.022400883,0.189248467,1.093859278,1.25142195,1.584104021,0.001431466,0.020126674,2.102556161,0.012455376,0.745095449,0.087331721,0.029514295,3.414032094
AT3G21110,4.016066144,9.649340021,33.06092195,10.47238421,5.912144426,12.86055012,15.41933674,10.24071818,13.22469421,14.99785211,16.1462935,7.523443637,21.12065466,12.70043231,17.33638014,14.87075619,9.614928697,14.75855622,21.36006975,19.25783877,15.55308396,15.30273916,12.02465209,13.46560917,17.00741951
AT1G09830,8.963941979,7.375897651,30.15493426,7.948508744,6.709133236,13.90470223,27.59447037,16.35785887,19.93203318,19.34610083,16.3130892,15.72425716,23.27618785,33.720382,19.44895539,20.81960786,11.68398166,5.760419779,6.177312439,24.19549876,9.865629354,11.03653724,7.268587409,12.54457733,8.361131047
AT1G31220,9.477744562,13.33763061,18.13752874,5.687819473,7.320110159,6.059522581,9.14412732,9.400747189,8.290139769,8.898422729,5.986206532,8.737023416,8.928668926,13.24467847,7.566573343,6.77070453,7.544931403,10.57962379,9.378614742,6.983968433,1.140385044,0.012598539,10.71412118,1.320632552,0.040435
AT3G55010,10.57332506,21.96240833,75.36497466,14.41253056,11.02222044,32.64542941,14.61502938,11.32400381,7.679435104,22.91235289,38.14539838,20.32308026,37.2115936,22.69270085,45.40567602,49.83141163,17.89022772,14.93085417,17.2347802,15.87705964,0.012455376,0.012598539,10.36718984,3.004226898,0.040435
AT4G34740,4.013302416,3.971401595,13.78018294,3.331541892,15.34624043,8.273736456,16.82110618,22.84863706,21.63156187,5.890101376,6.464614169,13.00728626,24.41932771,34.30171119,12.01089747,14.8862538,6.554939818,4.173074405,4.130465053,34.4780536,0.738749132,0.012598539,2.658237126,1.211409519,0.040435
AT1G69370,11.97183436,13.81157336,21.08260551,10.18626869,13.37502017,11.75717044,14.19663232,5.171035276,2.90480004,12.59436552,18.73069153,15.23547771,3.682269807,13.17041155,8.485227946,10.54044899,11.04921131,17.47566376,20.95652147,12.25096399,28.81173857,29.26831001,22.3597943,27.19426444,27.01390667
AT2G22250,33.55285965,20.50606355,25.13854593,17.6696735,19.40561127,31.82074068,14.68996872,6.69505145,6.654305244,26.68571335,28.60825686,7.172226352,10.70700716,25.38656711,33.74385628,30.40973312,19.70964679,8.720405013,9.670485729,12.73943455,0.720694348,0.692712212,2.897599024,0.902587026,2.586885436
AT3G29200,49.42957212,37.32458552,20.99145181,15.51789584,26.04261335,35.50459423,24.15882275,18.75806625,19.83055457,20.31464215,27.06762832,12.59984032,32.57441517,69.16156218,35.00725578,42.22539876,27.27163213,26.0361536,33.72859768,66.30360097,14.44392737,15.81421066,14.823247,18.20720931,16.23511183
AT5G10870,25.1951136,28.28039838,25.84534666,21.53459547,12.03768949,12.47749941,12.2577161,5.817454974,6.49496776,20.45427224,12.22721549,13.77206946,11.33553594,4.938779938,12.59636776,14.44703927,18.25017501,9.723877752,10.54461864,8.606466796,21.74212133,18.52359566,12.38861767,21.64053253,19.65266036
AT2G40690,2.624068007,5.878747495,11.68821487,2.794678995,1.890398003,2.644782839,12.76900349,5.657614611,7.110741416,9.739077816,2.200835587,8.213753473,10.12201845,10.82778383,2.652339205,2.58602776,2.008700537,14.823247,15.38321404,9.350565849,7.381496646,9.720568617,4.450438378,8.605114933,12.03353867
AT2G41540,18.35795678,6.237504704,7.987940313,43.28140261,7.988652163,29.45463663,18.02052899,4.42612902,9.499594338,8.210874767,20.16919826,8.209456034,24.0034245,8.476342503,64.16663744,40.56727685,28.88676917,29.48980658,34.30171119,1.374207091,7.265973211,5.935880973,6.359668589,8.623134238,0.040435
AT5G40610,6.174421519,42.46813766,48.57957568,12.88493106,10.07031558,22.97222479,18.08209859,6.20709147,7.075351741,30.64604958,17.19055405,20.70498781,16.82110618,14.29257677,23.36754861,22.27546989,10.70890715,9.290553153,7.938152989,17.7553312,142.0078841,142.5822047,105.106655,134.0298277,138.2567189
AT4G34640,53.96953295,94.29607541,75.64072139,96.46021412,74.02316394,101.4585152,41.26212377,42.67121294,34.95187293,77.20142171,76.43462734,36.90080763,50.57928771,33.81471096,96.85360408,94.47338173,102.5431436,47.64092475,59.97756607,49.00198272,79.07283184,76.98024235,70.35768527,64.16663744,69.16156218
AT4G34650,0.839224657,0.298874361,0.007091168,0.363055204,0.694611988,0.226490898,17.01089039,10.91379485,7.994437038,0.183738573,0.654698293,5.062698891,7.265973211,7.22544434,0.349975299,0.296346465,0.196612492,4.878384165,1.611684584,7.340667735,1.01332401,2.518894566,0.002046042,0.249808956,3.054178258
AT3G06810,13.22870886,8.734370358,12.90509958,15.72728471,18.02052899,21.82456535,18.06088383,18.61520149,25.41604495,29.2266209,17.33027747,11.58335143,27.91692421,13.12151564,25.03489317,22.98738979,21.86592898,15.28740794,16.77637004,28.28502103,54.36110806,55.6907279,37.26473665,46.5710267,53.23652881
AT4G05530,49.03740126,45.09358127,40.19619799,50.47465971,26.01831492,40.51211556,36.83178779,41.92957163,20.39189006,40.41959066,38.84301354,42.10717401,45.22675664,32.36264569,31.78568625,33.14029149,36.27394785,26.83513661,25.70077417,22.96678451,49.59596234,49.93667956,48.63309085,48.96258247,54.03659208
AT1G05680,20.10992489,66.00746448,32.59399588,4.691201806,201.8134632,21.4834756,0.006377966,0.242520363,162.0850161,120.5749436,0.143733114,0.458353604,16.57306763,1.064090161,105.6871391,23.85123847,12.5128248,2.973928894,13.18347766,90.98277707,0.982663658,0.886847047,0.874277242,1.548989081,0.040435
AT2G36750,0.00501757,0.006210258,0.007091168,0.002301972,0.012041714,0.003720747,0.218253339,0.074692853,0.223660112,0.003760498,0.002419969,0.278308609,8.018868038,0.339688194,0.278308609,0.043415596,0.003641724,0.335904173,1.041423998,58.3139256,0.012455376,0.012598539,0.002046042,0.003702861,0.040435
AT1G61720,0.00501757,0.006210258,0.007091168,0.021608279,0.246390596,0.003720747,0.006377966,0.004310156,1.428058077,0.003760498,0.087552654,0.002158974,0.014890303,0.100485667,0.00395247,0.018275991,0.003641724,0.042448701,0.036834348,1.256513826,0.012455376,1.534611754,0.022858108,0.003702861,0.040435
AT4G24220,207.3343646,123.5562372,61.68428609,234.4195042,170.5851465,257.413959,60.9421019,153.0214068,105.6871391,310.4465531,167.2277617,197.531488,73.70743265,54.53534911,293.1953205,230.4169797,315.5698586,15.90333542,16.91732789,218.9924787,81.33937211,80.73017075,90.13322839,81.47769937,81.17811789
AT1G15950,27.17908434,10.00842935,5.945075495,42.95661396,41.63249027,140.2555284,50.05914745,352.8161308,167.9333546,9.424078257,33.62240878,60.21075836,82.4344075,241.38023,145.7130329,146.8414682,172.0311676,2.129241698,2.42676257,195.5245581,4.906349627,8.024023308,21.62363196,9.090910819,4.523671406
AT2G21730,0.00501757,0.006210258,0.007091168,0.002301972,0.002397975,0.003720747,0.496888533,2.053691376,0.003737688,0.003760498,0.002419969,0.26968566,0.348898697,0.266055846,0.00395247,0.002842578,0.003641724,3.569373362,1.789099157,0.005866606,5.590596623,5.988220512,7.222251994,6.764195012,7.858273647
AT2G21890,0.00501757,0.006210258,0.007091168,0.002301972,0.002397975,0.003720747,3.072941662,3.36763479,0.033583148,0.003760498,0.002419969,0.443833746,0.515677931,0.652999197,0.00395247,0.002842578,0.003641724,2.257290242,1.343818286,0.005866606,3.703058622,5.876085917,4.325424249,1.27699738,5.994514539
AT3G19450,848.923717,95.89572265,28.15638603,193.5795464,114.8267857,348.3517194,56.63665391,107.5769092,84.04014028,131.0705267,187.8792939,26.39968528,51.50019209,187.2820121,456.6634933,410.8508014,377.1594764,4.978000939,11.0048183,385.6248386,2.126231997,0.012598539,1.385819702,1.809628992,2.85666729
AT4G34230,90.5879261,13.37502017,1.498266581,78.91618056,102.0980256,131.1994471,19.50432355,37.73129931,253.4875652,17.54848958,68.48827212,19.44420721,58.18051195,23.47326108,75.54156164,67.05536401,111.7628058,12.73664033,11.91191976,61.96672028,8.939933709,6.85217261,5.83218553,6.013459323,5.879865256
AT4G37980,0.00501757,0.006210258,0.007091168,0.103796491,0.30832453,0.056102066,240.1945792,109.3366615,64.95047394,0.003760498,0.002419969,57.2203696,100.4799204,105.7567233,0.223109915,0.002842578,0.003641724,0.853932533,1.377266787,937.6374586,4.519360667,5.777203403,1.12393624,7.948508744,0.040435
AT4G37990,0.00501757,0.006210258,0.007091168,0.013318443,9.087420026,0.208365,0.204500395,2.643723022,617.9037686,0.029109679,0.002419969,0.593903052,8.282804183,0.134389536,0.094520678,0.03167556,0.003641724,0.39335288,0.819755423,16.89135563,60.07628777,63.35576923,68.79077402,71.24453664,58.7702483
AT4G39330,0.185450253,0.006210258,0.398697254,2.107498876,0.12913539,1.099382589,257.9983762,89.5617838,1.069179876,0.924974058,5.165667135,90.23127122,510.9953953,172.6517241,9.839777574,8.401514281,1.726460082,391.4644338,556.7076064,0.521435971,9.844064781,10.62560964,39.33135615,14.14310547,4.63187331
AT1G76790,185.1326649,51.80882877,107.3629311,1235.789405,97.50636543,159.6161047,2.04850827,0.772929921,0.361367804,23.01729752,277.6502066,21.32698738,12.57495569,9.701866175,273.6574782,255.8389298,153.1998383,4.473182289,14.74023381,12.42391045,0.012455376,0.012598539,0.062372673,0.086084843,0.040435
AT4G31500,90.75390162,16.80640921,32.14516606,159.7912732,13.82139321,190.5766528,147.1676143,231.557033,80.34177008,63.16834286,638.2645849,185.7337621,56.61797426,352.8161308,175.503952,276.6508403,218.1329677,4.619150465,12.48383128,22.50342491,3.081795275,3.606590602,0.398328729,3.775928135,0.040435
AT4G37410,14.04445385,6.52761253,12.1156016,16.7438988,0.757161067,1.076537962,0.006377966,0.117179522,0.003737688,0.003760498,45.03250318,1.961051656,0.04697334,3.760973188,1061.498385,1279.053178,1188.829576,0.001431466,0.001312908,0.005866606,2.594357066,4.523671406,0.808557313,4.927917641,10.35544137
AT4G15370,0.00501757,0.579633009,1.323963381,0.05981024,2.926289027,0.294953671,0.006377966,0.004310156,0.003737688,0.064278403,1.23392822,0.054570986,0.013160912,0.004595154,0.298172282,0.207880539,0.361223535,0.00387014,0.035720018,0.005866606,0.012455376,0.012598539,0.011075307,0.031133669,0.040435
AT4G15340,24.16252063,0.786958422,0.411340078,18.73069153,10.44776633,25.31461366,0.006377966,0.004310156,0.003737688,5.426409779,41.07034863,0.100687228,0.006601335,0.106841666,14.51858068,12.64555664,35.30942409,0.013214017,0.025018456,0.005866606,0.012455376,0.012598539,0.009236731,0.029792144,0.040435
AT5G42600,121.7067566,3.385670267,1.211409519,186.7730418,35.06608604,33.92383457,0.006377966,0.004310156,0.003737688,2.223895876,2.327098004,0.177669509,0.010064528,0.004595154,18.98729453,1.851678425,2.875790482,0.003118708,0.010069397,0.005866606,0.012455376,0.012598539,0.002046042,0.003702861,0.040435
AT1G01220,4.509488581,9.008511406,6.533343122,6.496203349,4.465337061,5.712204385,11.04289092,9.350565849,7.792654513,15.88284008,6.941503429,10.50019555,12.53727454,8.637233915,8.576233276,9.727513204,5.092979099,24.64978432,24.66233921,7.661566877,0.8792025,0.925444864,1.389257419,2.299575227,3.451088487
AT1G12640,43.52537346,39.34174841,27.18746667,38.04531769,26.6699088,38.28877174,32.05891374,29.39516185,21.43421939,53.58876362,26.87576246,11.95136736,15.43040704,14.2781643,39.1854717,36.52275843,31.01730438,7.275511755,8.870532207,35.13697147,94.42998741,95.15980234,60.7313773,113.2289338,124.2540983
AT5G47990,267.185368,56.57503568,28.0855343,1013.439702,176.9684166,371.5677416,0.006377966,0.004310156,0.003737688,29.927287,139.1207416,0.009181331,0.005192953,0.677717679,529.1245129,227.3897936,358.8168319,0.004326664,0.01098127,0.005866606,0.012455376,0.012598539,0.002046042,0.003702861,0.040435
AT5G48000,104.8348703,31.84414894,9.275433632,793.0384727,89.85433002,162.8647845,0.006377966,0.266643654,0.029527043,11.19395397,97.04492539,0.021913401,0.008162864,0.242520363,209.7888798,129.0473122,129.8417389,0.004196896,0.018876856,0.005866606,0.012455376,0.012598539,0.002046042,0.003702861,0.040435
AT5G48010,57.78314274,19.25783877,3.275503523,488.8353243,137.6198325,124.907014,0.006377966,0.144982372,0.003737688,6.496203349,63.28455021,0.028718143,0.02264758,0.106751401,254.3452296,140.4169242,96.61287955,0.008217431,0.002612113,0.005866606,0.012455376,0.012598539,0.028490722,0.003702861,0.040435
AT5G25130,0.281247295,0.006210258,0.007091168,0.633825312,0.051784308,0.61922449,36.05543198,16.86925131,11.93375732,0.200072656,0.285337399,6.287470443,5.567786772,29.97050253,0.530986453,0.147738179,2.402988544,2.262302673,1.817195035,10.36073886,27.06345515,26.406982,4.273586058,25.11584078,24.95540013
AT1G08510,52.31038806,60.82117742,27.39941456,54.59938525,58.63145263,81.73595489,128.8054841,119.8822372,64.35816257,65.90759223,68.32770981,57.14910246,51.98328772,125.9042329,70.04479618,56.4237985,51.17197927,69.23956013,52.83966877,41.88137701,257.413959,255.0060199,220.6161824,242.6363921,255.8389298
AT1G24360,66.86889941,224.5838399,286.5520038,157.3826096,60.69774337,188.5524509,53.4620938,63.52057186,52.98899953,145.9709033,163.4671394,103.5817835,163.2387858,56.1629027,284.6478231,254.3452296,144.1939939,120.4451131,155.9898388,53.8642689,10.89453724,8.939933709,23.69483806,11.00732888,9.075299705
AT1G35250,4.135227541,0.395378978,0.007091168,21.70812533,0.277123077,5.35967108,0.006377966,0.092508675,0.003737688,0.541988088,11.19798168,0.012881314,0.001915474,0.210709166,13.91190115,14.06865644,12.524725,0.001431466,0.002775368,0.005866606,0.012455376,0.012598539,0.002046042,0.041533027,0.040435
AT1G35290,1.622486684,0.006210258,0.007091168,0.445894132,0.002397975,0.003720747,0.64086779,0.004310156,0.003737688,0.069705137,0.164457032,3.232992311,0.524236954,1.273550876,0.475524936,0.203149208,0.003641724,9.930892298,1.722790986,0.005866606,9.453341216,9.854448526,3.885524745,15.17793728,0.040435
AT1G68260,10.16961261,30.40158551,30.96069708,9.965897112,6.528985121,6.500322725,13.55499803,15.78623854,16.09316066,13.42217654,11.26804924,21.88581007,15.30894264,57.1949243,5.960286251,7.473675032,7.950286374,12.09132078,13.74375749,23.40900371,45.18180178,45.40567602,47.07004138,44.47962935,38.66113888
AT1G68280,0.00501757,0.006210258,0.007091168,0.392118146,0.002397975,0.003720747,0.006377966,0.004310156,0.003737688,0.003760498,0.002419969,0.056582556,0.012446596,0.004595154,0.00395247,0.002842578,0.003641724,0.032849984,0.001312908,0.005866606,2.452818036,2.290372108,0.0206881,3.284880229,7.007530564
AT2G22230,27.22084452,100.7617005,149.012372,38.22727766,16.44411642,57.69610138,35.92972785,23.38280662,28.93626989,29.80294932,44.598789,36.12186769,41.44568256,74.29620123,63.02662379,81.67838664,28.74729134,16.31017794,22.33775944,35.04469904,4.018640619,0.012598539,10.8651418,4.608056424,0.040435
AT3G25110,16.33329156,47.90829445,42.40294137,54.15216417,16.43605681,51.07408173,9.839777574,3.884477933,1.490320974,10.98671568,32.75297785,6.482526403,12.57733677,5.278894964,76.89065326,60.28169167,56.55482679,10.08734949,14.96994402,2.172790134,6.528985121,7.544931403,10.59717715,3.797273897,6.940082943
AT1G74960,11.88257812,43.78628745,49.52109259,49.48487881,16.26406152,38.66113888,37.18140565,84.33744219,75.40789505,83.25350956,48.78358775,52.66243063,57.56811253,58.41176307,61.86234797,53.23652881,27.75694992,51.7842385,85.04725535,93.22392867,51.20669096,53.31790029,50.53546096,53.6460781,57.82841628
AT3G24300,28.84330874,12.70846263,3.316114167,10.47406982,19.59216876,38.60105106,0.006377966,0.004310156,0.003737688,11.1805466,17.38331981,0.084651615,0.017051958,0.081474112,44.3953551,93.50359673,140.2555284,0.004461631,0.005944263,0.005866606,0.012455376,0.012598539,0.002046042,0.169288559,0.040435
AT4G13510,0.00501757,0.178991739,0.007091168,2.401927225,172.8242498,134.0298277,0.442071917,46.05085099,72.10844149,0.118141233,0.019501524,65.90759223,23.98235601,13.68464811,142.833252,163.0739613,129.7318703,0.018746284,0.03851281,83.82093866,0.768778809,0.012598539,3.321970118,4.90194679,0.040435
AT5G33290,10.96262848,1.069641772,4.037294624,11.95448379,46.55897902,10.71079305,5.545146105,9.841898026,5.212617094,4.59259756,8.71190323,13.81641203,8.450220577,5.30014891,11.50796021,11.0783181,18.67001603,0.917389871,0.364519585,7.428136154,0.012455376,0.012598539,0.016121496,0.175341707,0.040435
AT5G46290,20.7626488,96.53020252,129.9414979,64.66299786,35.20163275,144.1939939,99.20899617,51.93768763,56.06235563,85.04725535,111.7628058,45.0030471,140.7664124,139.9762341,165.3239107,174.7914937,69.27483848,22.12396042,25.26914579,51.29460753,11.14802691,11.90531398,16.66314703,10.63198254,12.4331607
AT1G16540,8.690492352,8.865023808,6.842805211,9.453341216,13.64292254,8.309328608,5.389051995,5.341413273,6.302389289,11.76069209,6.221724036,5.046675222,5.50514973,2.345258689,7.971035979,8.461874849,8.406262089,22.37371108,21.45231052,7.437704269,14.34975721,15.69257873,8.40941544,12.23762697,15.74373251
AT1G09240,0.00501757,0.006210258,0.007091168,0.002301972,0.002397975,0.003720747,12.72830679,19.54462909,0.812426092,0.003760498,0.002419969,5.24898255,0.741906861,56.2583594,0.044194752,0.002842578,0.158016103,0.037703257,0.005125335,25.3612895,3.892810764,1.571606244,0.066193528,4.197555171,0.040435
AT1G56430,17.08098451,0.213825752,0.007091168,0.193965312,0.430518985,2.618686467,10.79736806,17.26892579,1.589816127,0.342000694,4.961539586,7.778205091,6.116147511,130.4159489,7.664731938,6.828647132,1.950272664,0.079666714,0.148511792,0.357096181,0.012455376,0.012598539,0.002046042,0.003702861,0.040435
AT5G04950,3.17597912,0.216886001,0.99693612,59.21102288,0.002397975,56.59427225,15.11831523,50.74186632,7.021375506,0.459686239,32.19758136,10.43887214,3.923532417,126.8445113,97.28267399,377.8195926,152.1435476,0.012828632,0.003240884,7.288315126,0.012455376,0.012598539,0.009005673,0.003702861,0.040435
AT5G56080,6.431918437,4.042267449,3.302928119,7.683480974,0.142944749,6.650071466,0.006377966,0.004310156,0.003737688,0.693988116,6.384115348,0.004869925,0.017035676,0.004595154,53.03902824,157.6632894,4.081067738,0.013429593,0.01457634,0.005866606,0.012455376,0.012598539,0.002046042,0.096698736,0.040435
AT1G31800,3.560896916,1.021747359,1.469727383,1.819188248,0.790499276,1.279799017,38.14539838,54.17633868,70.39453737,2.70550833,7.188933689,50.04344769,92.00202469,69.23956013,3.157753396,3.521209357,1.428860329,69.3172815,70.4366479,135.7072258,0.804384413,0.957637139,6.464614169,3.47724108,3.860502005
AT3G53130,0.381412046,0.161762886,0.28606463,0.133942965,0.597151039,0.174085,33.28974817,15.80070723,19.2608282,1.343818286,0.714608807,12.41649451,33.76710472,24.61350107,0.617692252,1.276253661,0.123415886,17.56843414,18.19202179,21.19520223,5.134318237,5.075785114,6.392451691,5.983524628,6.130846365
AT5G57030,2.748055523,2.639225865,3.801004588,1.404218885,2.510838602,1.158946326,111.1643245,40.41959066,44.72163771,2.726368905,2.868344958,31.28705872,69.83519919,73.55108382,2.440002403,2.792962744,0.514067454,24.45358208,28.64688877,58.84913157,14.62407566,15.32778866,8.301189118,10.44371526,14.50476803
AT1G08550,1.104185506,1.554658625,3.900381633,2.792037821,11.12032739,0.854533399,38.42427013,27.75694992,36.80255401,6.791722001,1.141975627,95.83819031,29.72497423,26.12639164,1.141681143,1.772529341,1.911887178,20.46350392,17.84033682,132.0110179,23.03253445,21.87015616,18.02797001,22.24709085,21.60477572
AT5G67030,12.88608039,5.739414738,8.520982387,15.26380032,8.022032713,27.00814934,132.3893182,827.2607354,614.6001435,15.22989706,4.102062101,90.86487346,74.97890368,261.3512954,16.92017141,17.86962078,11.27442484,7.253754485,8.123500649,886.3799385,7.87221093,6.939197677,4.332833143,8.327252313,0.040435
AT4G25700,18.95947497,7.937445045,2.673235362,4.781782641,10.29830417,10.81290741,29.36134896,87.77838879,75.06876387,2.364983076,7.586821145,12.04922104,29.59448712,37.79310177,3.106448746,4.024185714,3.641209297,13.9004732,20.05811005,219.3005747,10.02110691,8.444126018,4.346521078,9.786054775,5.660057783
AT5G52570,2.297698526,0.820327795,1.072654345,0.184313631,11.06433983,1.193399728,42.13931647,98.18927449,112.9479658,2.071761505,0.204600448,0.995002798,24.12702129,46.9904368,1.720114987,0.539967364,0.374606616,1.57849348,0.50229555,138.1249385,0.012455376,0.012598539,0.218955837,2.90480004,0.040435
AT3G10230,15.12805241,4.382163888,6.780957838,17.98912289,5.755868425,21.84792918,99.76468317,100.9861998,69.67306904,18.99119261,9.85606681,29.91154434,51.05652631,53.17685723,12.63170778,11.84229078,15.80235234,6.306849311,8.191700656,150.4875233,34.6320503,35.14706704,21.01446247,28.64284157,34.49601707
AT2G03220,27.7253518,42.98105077,25.80537641,31.38490827,20.88834739,19.11511059,13.49079104,6.085983265,8.071575895,30.92579458,23.39828393,10.04957264,16.20542455,11.80372962,26.35607006,30.23789817,21.36552989,13.930015,11.48843556,4.187009347,0.012455376,3.183870744,4.19311941,2.241356102,0.040435
AT2G20370,16.72768888,37.24378024,23.91213497,18.53222399,49.74541935,20.89858977,20.01188704,18.8685624,114.7288066,11.31223164,39.83645923,17.12370393,19.95518612,19.86098341,34.22040759,39.20867225,18.54011157,16.03751062,14.28069848,27.5511597,1.457432074,1.845793379,4.378168318,2.860331582,0.040435
AT3G28180,11.11314353,40.4292527,7.49231856,21.08604926,70.4366479,24.15159494,53.31790029,46.72798589,38.79887984,6.372932446,100.8419499,51.35960773,15.34383027,49.15988992,58.97798777,27.80069662,16.46732723,2.964114885,2.33811462,17.1629755,1.385029878,2.061730444,0.725691844,3.209584906,0.040435
AT3G62720,15.22271767,20.57448226,9.500600677,4.648367101,42.17255048,10.2780399,8.163421482,15.10584902,67.24079616,7.795845235,63.1111421,29.96408211,8.843786657,21.77586026,31.20724079,7.742455863,9.023490028,8.815162322,11.1906674,29.94244833,55.31861996,55.90129651,58.35998074,57.69610138,64.5791751
AT4G02500,40.73190578,126.7135492,70.21576733,85.67014503,69.09352742,95.89572265,79.6734691,42.04804163,20.80549092,73.59073078,103.9629621,81.12414432,80.58915471,56.91024209,115.9140157,123.5562372,77.72122048,74.63988007,71.49565417,30.01598411,34.2290763,32.46735607,26.79830197,30.25199747,33.92383457
AT1G01580,0.115684909,0.166773689,1.916577102,5.307242398,10.80988191,42.55939265,2.810199014,5.24898255,1.442382006,2.03444695,12.086921,0.258164053,0.63192202,1.78439343,33.21563325,43.78628745,11.05201255,0.167824158,0.013602327,0.358898766,0.012455376,0.012598539,0.015285836,0.029853785,0.040435
AT1G01590,0.00501757,0.006210258,0.007091168,0.002301972,0.017882464,0.003720747,0.263159723,0.835077477,0.66826214,0.003760498,0.015653655,0.186163238,0.001915474,0.750936753,0.00395247,0.014639713,0.003641724,0.65624712,0.368604812,0.985357081,0.012455376,0.641845452,0.028695674,0.20142295,0.040435
AT1G23020,35.11275137,17.59319628,2.607952484,20.45929793,12.8961024,25.85562851,6.787276845,16.52297849,7.060202741,10.87760289,19.10513326,12.24577448,24.1083955,13.18789054,21.09550486,23.46254114,12.50854347,2.174800169,2.006362521,17.66243629,17.0046337,15.19201199,15.70448676,13.00728626,15.73783067
AT4G19680,73.25122386,3.810931341,1.000924078,31.7650271,10.0835773,15.19424366,0.006377966,0.004310156,0.003737688,4.528575124,6.426322299,0.001542284,0.001915474,0.004595154,14.41253056,8.556684795,5.516501722,0.003578647,0.00621691,0.005866606,0.012455376,0.012598539,0.002046042,0.082258542,0.040435
AT4G19690,0.950255026,0.006210258,0.007091168,55.93164769,0.020521864,227.8340426,0.006377966,0.004310156,0.003737688,2.174800169,68.79077402,0.029017277,0.001915474,0.004595154,115.1046692,211.8115652,30.06841115,0.009159283,0.003130496,0.005866606,0.012455376,0.012598539,0.053817216,0.003702861,0.040435
AT5G23980,51.80882877,3.155266535,0.308507444,8.746135991,0.485407376,3.329422415,7.930402353,2.143174362,1.962166522,18.16451,4.121881152,2.36220438,0.327539944,0.983111289,4.258345552,0.541988088,18.58609637,0.098167356,0.076500139,4.288147767,12.39589545,14.93085417,1.219566081,11.24400264,12.96682129
AT5G23990,35.78644532,0.935797417,0.312681472,1.74107525,0.025103606,1.715789887,0.192272686,0.004310156,0.10169551,26.94145153,0.240137495,0.036609462,0.013836982,0.004595154,6.308212095,0.027242636,1.606022309,0.013454072,0.022506747,0.005866606,1.772529341,1.531666125,0.060545223,0.298257236,4.486441565
AT5G49740,0.00501757,0.006210258,0.007091168,0.054062304,0.010171127,0.04555728,200.144119,210.6058194,71.77813442,0.031482478,0.002419969,19.81367225,5.867276933,69.37733937,0.097304201,0.014872363,0.003641724,4.129368485,3.368959094,92.82910818,2.074244118,1.38108493,0.395378978,1.703618374,0.040435
AT5G50160,0.00501757,0.006210258,0.007091168,0.038543127,0.010260416,0.047079839,29.97788505,11.70719036,2.153888304,0.003760498,0.185634018,30.30115576,39.25068362,21.88581007,0.058481714,0.107925073,0.072884449,9.705521308,1.788255579,2.223895876,0.012455376,0.012598539,0.745492257,0.088119981,0.040435
AT3G47340,1.157362705,12.88493106,1.288166338,11.17599165,673.7325321,16.14431272,35.94079929,6.123944019,17.62214711,699.5850922,27.80069662,25.90513958,0.332637455,3.274805955,3.743995745,10.75860562,0.85313573,0.543452645,0.498092499,598.3485109,34.11869061,32.36264569,19.78942996,37.58746791,31.01730438
AT4G26900,9.309098187,24.42753619,52.55951234,17.98537794,11.17024121,26.96497034,21.22133934,20.76801026,22.08955599,46.39307658,34.95187293,22.7718131,49.84937618,30.58771134,35.1699754,36.65700421,19.48667421,22.70242525,25.39781049,28.0855343,7.188933689,8.422711659,7.440697657,5.819669211,8.590917389
AT5G10240,10.66789729,16.62903,41.26212377,15.93927263,14.04445385,23.66066455,12.82625555,3.711382856,4.824864298,46.26446034,24.94841274,8.107456865,17.67364529,19.08703446,28.45425621,24.57754417,17.35405511,5.765153757,8.060301891,10.11426589,20.65310698,20.79253593,15.45201278,19.32657095,24.42400538
AT5G65010,5.748555854,23.90810539,52.23242955,16.55227559,10.43887214,22.11966844,146.1162747,143.7772871,76.35588758,32.96953665,29.91936897,62.13058761,256.7358606,172.8242498,37.38532417,33.60362352,11.78821826,7.846321394,11.68613615,63.73823344,21.86592898,22.60210053,13.7530942,22.72133738,24.62665092
AT1G58300,0.203772186,0.385972046,0.007091168,0.018980885,0.062738033,0.003720747,3.90186146,0.899819243,0.036301897,0.003760498,0.03761188,0.354237472,0.033540589,2.04850827,0.048113789,0.002842578,0.074692853,0.070544698,0.077143325,0.223609209,0.012455376,0.012598539,0.141873529,0.003702861,0.040435
AT1G69720,0.00501757,0.006210258,0.007091168,0.017935559,0.022324075,0.032305707,9.752555515,8.98253274,15.18733845,0.032260829,0.002419969,11.01294886,0.757161067,3.39959795,0.00395247,0.002842578,0.003641724,3.23482737,2.197119981,25.12792114,94.67432483,94.25130719,76.2687025,105.4970102,83.87533878
AT2G26670,77.97679721,22.69495841,24.01025033,112.2881323,72.78606669,81.52423545,107.3629311,79.10632033,81.67838664,106.0133255,24.53690482,79.35884269,94.36445294,49.83141163,66.41686984,48.33249456,142.0078841,5.647720075,6.448056833,196.0054643,6.444250504,6.058149942,3.860502005,9.345211319,0.040435
AT4G23660,6.259260378,7.081855869,12.48918908,6.987083942,5.038617348,5.611529049,6.530671728,5.546423995,6.741317157,9.350565849,4.493530544,4.695425347,5.415015391,2.949197217,4.90194679,5.95750783,4.571654247,7.671714692,9.075299705,9.687159648,22.58219115,23.26748112,14.92428565,22.58219115,24.55501718
AT1G30520,7.707027337,0.839224657,3.423700633,1.021747359,0.258986578,1.55094443,35.02441852,7.020120449,13.00161478,3.950499188,0.468307997,15.90065675,12.93678098,28.19373886,1.216955691,0.672531898,1.84106787,23.63372696,29.17205497,17.19778317,3.824890249,3.822454025,3.854428692,3.266294034,6.299213286
AT1G48320,0.00501757,0.006210258,0.007091168,12.44758501,6.690867718,31.53015391,0.006377966,20.99145181,12.26711435,0.003760498,0.002419969,19.920541,26.984105,7.748473557,26.0478946,13.75557597,16.36915934,0.001431466,0.001312908,27.29644719,21.94905688,23.35685916,19.08388929,23.72026379,23.32283834
AT1G68890,0.188290197,0.356322081,1.611684584,0.535742973,0.105157609,0.43811163,25.10471516,12.7339655,11.72899294,2.237383554,1.599544036,15.2935542,21.22514049,14.76352546,1.540525215,2.374953935,0.411565065,13.34178979,13.48423668,13.16415297,16.59802006,17.4147893,8.452768358,15.955663,18.17518432
AT3G10050,8.050959298,10.72133626,32.09484528,10.90588176,11.43102356,19.09383706,33.58288856,13.94909377,22.84863706,26.406982,25.51783091,13.72240184,29.44755316,18.93482135,30.69698021,28.41002546,12.29404164,10.85828462,15.32086813,39.14791446,8.999113633,7.6299137,8.450220577,8.310941129,7.451655161
AT1G08980,2.797024609,1.303168838,1.227983431,3.872067891,1.027485714,0.851592295,43.57635471,49.88211576,46.26446034,1.688362192,9.089230778,96.07706712,46.21889345,13.63165452,1.646183995,2.549131577,2.728163276,16.42324405,14.26326649,72.42603488,1.086539368,2.982533305,4.26180383,0.332637455,0.040435
AT2G37090,30.76243074,4.646743037,0.007091168,17.84762806,4.852085397,17.63423203,3.799956669,2.190250529,0.047379371,4.568675471,6.680899103,0.764374722,4.363454407,9.654416198,4.915130634,12.86575322,14.56108748,0.720479881,0.138836412,0.196904047,0.012455376,0.012598539,0.006923761,0.003702861,0.040435
AT4G36890,18.53576393,22.92401834,13.71422856,19.01621791,14.68996872,24.43247883,11.18441895,20.79635301,11.21380825,13.17261569,18.15464673,10.98218441,9.781937182,21.40728423,22.03783636,27.61490894,20.61023774,14.34036414,14.52993777,9.849134605,1.535335235,0.669740983,2.775301061,1.188691247,0.040435
AT4G16740,0.00501757,0.006210258,0.007091168,0.002301972,0.010495682,0.003720747,0.381818697,0.004310156,0.003737688,0.003760498,0.002419969,2.427403617,0.018105589,0.004595154,0.00395247,0.002842578,0.003641724,0.068064802,0.049108879,2.857068435,0.012455376,0.012598539,0.020823708,1.420279848,3.528392496
AT1G32060,0.00501757,0.006210258,0.007091168,1.33530512,2.106828383,0.110411383,848.923717,1687.182511,1195.855771,0.151863061,2.129241698,718.1067797,533.009902,2170.894548,4.861976264,0.660669131,0.348898697,15.30894264,15.22989706,1868.996128,6.019200279,4.528575124,15.56527206,12.26502821,0.040435
AT1G74030,55.6907279,64.66299786,97.1473371,77.42347111,65.19914986,113.3769989,2.23109029,3.465326927,3.132672136,52.31038806,129.5251273,6.173952609,18.81794485,14.13623037,205.014887,208.838162,82.54383313,6.156610079,9.241717574,3.159504125,7.945032339,9.663243401,10.52720525,8.341213694,10.59321429
AT2G01290,0.832449369,1.1287441,6.941503429,0.560567076,10.01950605,3.628657812,12.00552916,150.657523,49.63084554,1.568148941,2.063905835,15.89845152,24.75569575,51.07408173,5.425203112,4.875924092,1.842436183,5.937023984,7.910298188,61.60796378,69.8708169,71.36016511,91.21193658,77.50528494,75.88356981
AT2G36530,441.6492419,552.3172682,610.2572175,572.6322331,585.8028099,1524.604572,188.5524509,211.5201183,109.8669573,1097.048869,2010.829679,254.3452296,666.3851914,414.387179,3912.601645,3311.879273,1429.391338,206.6975217,297.0675901,162.4026368,22.27546989,20.97704317,45.26088626,22.37371108,17.63766277
AT2G45290,41.14978135,27.6740402,22.14302499,30.94133671,33.81471096,62.83065514,3.425377828,4.259489068,10.64056463,36.54322949,58.18051195,5.680489579,6.391131152,7.722901172,73.08724178,76.66373517,43.75531429,11.4293971,9.939671849,7.429445217,32.42900809,32.44426338,25.8882642,28.56619296,31.55190768
AT3G60750,49.23956325,60.53989207,70.14590569,73.81425189,68.44912441,133.7679519,724.7419731,728.4514007,529.1245129,157.228543,202.0908328,724.7419731,638.2645849,962.4163672,253.991144,267.8308085,167.007426,56.20922435,47.08565409,1103.778886,15.49094322,15.20862809,21.95453883,17.17275072,15.34383027
AT3G22960,34.91697817,105.4160273,121.0847391,104.9524469,36.69923018,145.7130329,113.2289338,231.1483994,149.8243038,302.9728289,136.6097451,111.2813342,137.3466079,234.9699109,195.7663725,211.5201183,119.2439433,44.96221253,47.59204615,103.2200466,12.01676241,12.22087758,16.43018777,11.84428972,11.74483233
AT1G67550,9.535617887,9.156327262,9.443011276,9.005054413,11.29702736,9.087420026,9.541350289,12.54702442,15.19424366,13.08643752,8.553560369,9.980053158,6.151194793,9.311331144,10.33207755,11.51275265,9.464020086,16.95281055,14.26559,10.30548183,0.595223911,0.596529945,0.188023661,0.115558393,3.019533169
AT4G04955,39.24576443,50.59738965,19.40872943,33.21563325,32.14516606,37.77990981,29.60545054,9.524665532,5.557456941,81.83840935,15.89458636,11.4097157,1.24641898,11.32221763,22.78842254,22.48887544,44.3953551,62.93310304,46.48453683,8.262505354,30.54739394,30.74829432,19.36030956,29.25435297,39.43057431
AT4G17050,45.61118367,42.07757142,59.60184936,46.58831319,10.60352044,32.22533308,85.15331551,34.85277496,21.44443459,44.55235055,31.58790008,46.5710267,42.44106878,61.78783762,31.10633288,38.20462313,41.87063295,100.0675789,107.1784156,116.4122012,3.3045962,9.08585847,11.46209665,7.203925046,4.871506296
AT4G20070,6.355420692,14.10532167,13.28294106,15.08383374,9.095721494,14.70054183,29.09411129,51.69073337,54.12505797,60.65272515,9.614928697,7.048677716,3.885524745,17.74284844,10.67910294,11.76268468,24.2060565,1.661358557,0.904266572,72.89603994,119.1463678,118.3718065,100.7617005,102.2340247,114.3443038
AT5G43600,50.24860308,37.97065102,23.73771055,29.86995445,23.53092322,38.79887984,30.05884787,19.36030956,15.78396205,66.98291512,18.43315194,14.59713952,15.39632942,18.18798046,27.59447037,27.57156372,35.62346835,10.03816483,10.2111176,27.7887424,6.907926576,5.886461713,5.737743466,7.531234709,5.498457614
AT5G58220,57.59587207,60.19085345,49.03740126,57.78314274,26.98874742,41.49868516,40.47200944,47.32574125,39.78750692,96.13617687,39.4173098,43.21417941,21.39469732,29.60545054,27.57156372,29.09411129,46.13879829,36.01702242,32.8070748,23.95030143,8.04039675,7.513290891,10.35742339,10.18427369,9.095721494
AT3G20330,7.847941045,14.5894058,36.61988495,12.20669257,14.18359064,18.64654347,12.09370625,14.11260627,17.86962078,13.91714694,24.82171181,18.9045681,37.05427826,27.41924681,21.69379334,20.23659474,9.036113788,13.95138362,13.79604155,18.2357008,15.18061096,16.66314703,14.21811502,16.76341689,14.43454997
AT3G54470,19.2760431,57.46115853,130.1589637,49.17645822,18.74930099,69.80009092,24.48924241,26.73499466,17.77720803,98.00157347,77.97679721,24.27663732,86.66643526,98.3941704,99.81171063,124.6823334,42.13931647,18.25558845,24.61350107,18.07855003,20.98655082,20.08343999,19.45267362,18.78817405,22.69721596
AT4G22930,23.56321963,72.67434976,46.34014175,47.77873231,54.98935083,46.19208039,28.1253635,22.7314794,24.76837587,62.41062507,45.52456487,19.71637601,51.93768763,25.93802228,55.77782401,59.84286033,34.98167573,9.189826109,9.367887488,27.62200582,8.71190323,9.216355837,7.370295436,8.407682903,7.727567836
AT1G58440,30.61844904,47.98280805,30.52262867,39.80940452,38.39818381,54.84181955,41.88137701,27.28826089,25.67175048,23.73771055,37.73129931,21.22133934,13.39158826,22.60927484,47.64092475,39.35092394,37.19451858,14.61204299,13.94909377,17.44818861,19.73296772,19.88768207,14.42028616,18.38997089,21.01446247
AT2G22830,6.342759779,10.95542296,8.585445652,6.960959134,8.802678067,4.402591921,6.338206713,1.740274462,1.392204821,6.92805238,5.538271435,10.56709109,2.726368905,1.843428822,3.239172537,4.246317987,3.980012107,23.15109088,22.49477697,2.980565773,6.856730726,6.838848567,2.830525927,7.198962986,9.7219747
AT4G37760,18.90600418,2.5624512,0.964947655,6.019200279,11.35534283,16.5114497,124.6823334,222.3260218,188.0834488,8.978411624,12.93896025,23.35169111,22.1382601,61.44055838,18.29814319,20.26010625,7.371806938,4.531985688,10.74484513,383.5544192,255.0060199,257.413959,196.2546081,237.3851308,260.4619916
AT1G15110,60.47978397,42.92178543,20.49124177,20.25523477,59.12891911,35.75840368,2.956006493,5.408480491,6.41064658,40.37708663,18.97185782,2.891674903,5.327935484,3.835838558,23.4137645,29.07550836,26.85050232,22.88416982,23.90306534,10.2780399,10.74305031,12.53279137,8.770558405,11.81403965,12.38861767
AT4G16700,0.448097098,3.178466791,15.51789584,2.380722434,2.737093309,3.609747256,1.545705338,1.24641898,4.072992679,6.249380365,3.52559383,3.136297723,4.120918863,2.294413817,7.316946155,5.599152641,2.513754297,8.523444332,10.34987142,3.84932076,0.012455376,0.012598539,1.249969614,0.224364968,0.040435
AT4G25970,15.31862696,27.24703878,29.85180483,40.61313285,21.10003935,28.28980415,31.86833911,31.01730438,20.87561478,76.89065326,30.18231075,58.06175164,32.24288488,13.2404875,27.20875992,31.52422088,53.41611151,109.1808862,57.42066144,35.92972785,14.22527399,13.67813167,14.98645465,14.03066866,16.94208473
AT5G57190,9.860269233,0.381035851,0.302472686,3.549900595,4.646743037,6.64079263,5.678200199,2.285236118,2.861131828,0.559824964,2.898590324,1.485209715,0.495524299,0.899223456,0.523512737,2.346577496,3.903112829,0.157225037,0.062509508,2.141146869,35.81082744,37.72070965,19.00597284,29.67988919,36.38480802
AT1G62430,13.20069295,28.26275816,34.27397015,23.93687778,14.18649894,21.31057879,47.95795901,10.02744358,8.17074789,17.28959829,12.68303468,41.66621448,28.2148711,10.56492959,19.92871498,15.43687691,12.75646555,24.44307542,20.31464215,31.24500026,10.8651418,13.31230113,11.97703078,13.49079104,14.74023381
AT4G22340,7.567729284,12.27985039,11.66717908,8.875399058,12.26502821,8.793546973,16.34091188,8.823525977,6.787276845,15.03913797,8.031399641,4.22256899,6.717502366,10.13435249,7.717155995,7.851951217,9.391498831,9.467372377,13.02764107,16.09777618,0.012455376,3.056461542,0.762777191,0.238967238,2.852979035
AT4G26770,17.72803863,10.18626869,2.581647404,5.629237133,12.35927974,4.523671406,0.210560107,0.004310156,0.310783594,4.08873772,1.497020726,0.005292043,0.00520469,0.083285178,4.808071724,4.388746473,4.138740945,0.201969105,0.443253053,0.005866606,39.72205375,39.99399954,25.23693597,32.8070748,36.36531608
AT5G55810,8.615912103,8.616595721,8.869161785,7.959761819,4.754841337,3.719285893,6.441708306,4.319970992,3.180047644,5.573399817,2.866685671,4.655389248,3.960989858,2.261467947,2.923705891,3.861655734,4.90763732,8.037374178,7.548429263,5.027094422,3.339693849,5.412189788,0.823427861,1.892614394,4.896141574
AT2G21170,130.6849578,142.1570596,198.7319455,124.4653906,67.35774685,146.1162747,357.0463652,536.917986,435.3438536,231.557033,171.4704122,440.4001457,289.0261549,663.3903681,149.012372,192.7073904,96.67447466,166.7928297,173.1440311,569.111851,9.491963481,10.35373388,22.02218431,13.6874656,3.167841113
AT3G55440,814.1178353,814.1178353,394.3544264,510.9953953,915.0881667,778.382308,345.6418012,388.81955,313.385546,1013.439702,1561.884153,377.8195926,596.2001217,188.0834488,1938.760216,1799.536519,1013.439702,281.8566849,406.0678905,495.8120129,22.79832878,22.54438425,35.06608604,23.00592798,20.5011837
AT4G26270,3.388673436,3.309994751,5.036633077,2.549131577,5.636590111,2.919897113,6.285408958,7.017158987,6.361225839,6.161294808,7.961063121,16.21656689,4.584085159,3.994800519,1.767590861,1.64058313,2.674698644,36.68729584,29.6952959,15.25375161,36.54322949,36.49542314,40.94794465,37.47265748,36.42642702
AT4G29220,82.23008179,14.67741886,6.514588497,45.26088626,28.49228222,39.46553171,41.58930015,65.69511182,45.16562504,30.56155117,38.52062653,39.81995412,41.30435601,45.18180178,50.2286488,47.40813498,56.73742445,15.88498024,16.12773543,80.02428992,29.96408211,31.01120448,26.5146906,30.79915919,30.25851021
AT4G32840,3.560896916,10.41373323,16.28554108,5.908279672,3.565577889,5.497133738,5.783027113,4.48529874,4.682222609,11.09282367,11.55650548,4.018640619,5.781731836,8.907598172,8.235351603,8.262505354,4.829720874,12.97767476,13.25752956,4.83095885,13.28730892,12.759036,8.503138241,12.82854129,11.82159975
AT5G56630,35.68893467,36.85037122,29.35503573,34.96182977,45.93132613,36.14940838,17.84482908,13.08126129,8.303040927,42.38917382,45.87287833,14.36340472,29.51143562,11.48843556,59.89154274,77.72122048,70.2878296,11.53089555,16.20295759,18.75806625,19.54777893,19.5115916,19.69743915,19.76327555,18.6530217
AT5G61580,11.13728849,14.81255896,15.30273916,19.6564107,10.65292226,10.39550425,12.22087758,14.9802519,13.65740345,23.25758371,9.892908826,11.59752323,15.26743899,9.996954438,9.495463287,11.55249506,13.72240184,5.726380915,5.940538575,28.04128438,25.77432179,26.32372069,16.18932475,22.44748445,26.30570419
AT3G02470,1646.04366,447.0081798,287.8283329,0.02659488,1389.631903,2527.383686,827.2607354,1389.631903,1205.617206,2527.383686,3181.836871,686.3444441,682.906875,0.793428585,0.188379591,2688.06992,0.068564307,886.3799385,721.1277136,1.380528543,873.9575276,886.3799385,1157.562945,910.9725279,937.6374586
AT3G25900,133.5194418,74.08759695,39.26333998,56.89025808,305.7460918,36.39363657,1.504081451,1.425684787,18.43315194,40.94794465,52.80354786,5.577071722,19.14315995,4.162485234,28.79267756,27.57816042,19.37701831,3.102251434,5.658673849,2.551117719,290.8250697,290.8250697,242.6363921,281.8566849,246.8333333
AT3G63250,14.24927969,27.36182671,54.66528625,27.46728337,12.5128248,30.52262867,10.01469645,15.17143498,14.40374473,43.9716243,31.86833911,22.93891328,14.90742066,9.206178825,25.91031286,27.52539183,24.61350107,49.98460898,60.77142276,15.91827596,1.976798475,3.114735115,9.923514515,4.147465781,2.748055523
AT2G24190,15.21181178,4.401128218,9.301318994,3.101375334,2.393816868,8.143514027,5.171035276,7.504070368,7.390942668,1.78439343,7.308522288,4.562717705,2.970957181,5.800636663,7.436408893,10.37543355,4.912738198,6.967465969,7.523443637,14.65386274,10.2780399,9.494103167,5.905558564,6.380581668,8.475285613
AT3G03480,0.00501757,0.006210258,0.007091168,0.002301972,0.072884449,0.003720747,1.289486925,1.406682002,1.829483329,0.003760498,0.019818467,0.91939645,0.012660433,0.611242168,0.041448846,0.002842578,0.003641724,0.689875657,0.852007709,6.399976094,0.012455376,2.316924205,2.537944513,3.298192181,0.040435
AT3G61220,38.23816137,6.464614169,0.869567852,10.66892032,1.771873761,26.16864267,71.83510112,214.6456193,107.1784156,4.622883289,23.99910118,28.62720002,65.53934982,48.10943962,21.29137968,33.86481419,25.86272395,2.909602665,3.559406362,150.9938412,8.676572047,8.089591497,8.667265222,12.524725,18.73459512
AT4G15440,0.00501757,0.006210258,0.336106957,0.014310022,0.047990999,0.041765712,3.380478226,10.59101527,7.957903321,0.003760498,0.360326443,6.706879946,6.7659469,2.923705891,0.056027345,0.123601703,0.003641724,5.999403444,3.988470401,11.22200752,1.055753258,2.483908154,2.518177142,2.332095163,2.850662538
AT2G31350,77.42347111,16.87110915,6.711771259,109.7218093,50.00777844,50.78561111,20.22201053,38.45864346,32.16510065,47.5351802,33.23262891,22.32413147,15.13876631,16.60731468,31.90579221,32.99242628,73.63418125,22.22453605,20.1223942,40.41959066,222.3260218,228.224037,148.1009476,167.2277617,203.1994765
AT2G43430,19.13136566,13.67301822,7.774678953,18.81082773,11.7752882,15.05611804,20.23659474,19.10760129,15.13199546,34.34238676,16.4589183,14.30748945,10.02917374,17.67364529,14.09425851,13.59117286,24.08958893,26.04261335,27.41382168,19.09050544,4.708489557,4.225868891,4.886384475,3.032522749,4.90763732
AT3G10850,43.91408286,125.2569667,83.25350956,93.93514374,43.17640421,64.55722422,43.26757608,87.60791766,54.26387448,107.3629311,70.70735074,142.981864,100.2877573,73.66594252,54.88046458,77.87840563,71.77813442,114.6510759,105.6871391,101.7291731,9.142748531,7.04607704,18.5815026,11.5170239,5.842524482
AT5G06580,9.023490028,7.624928935,9.755974306,8.029166702,5.90716765,8.849698687,26.52076492,16.56932493,23.25758371,9.366776892,6.159081267,12.87870748,17.58975862,19.47550729,6.853400053,8.055670499,9.589089983,10.48017772,9.153077211,35.70189144,21.02733458,21.62776444,15.40953576,18.01111193,21.59938999
AT2G22570,27.64211981,18.84341578,22.54683637,38.60105106,8.359769279,21.87483702,8.203953427,5.611529049,3.244315752,13.99205232,14.70054183,9.349093183,9.161193585,1.63475806,12.26284428,12.99843944,31.50798198,19.38014308,20.71500915,8.35870484,29.06176215,29.55783685,10.99781005,24.83476932,25.09706908
AT5G23220,234.9699109,54.057547,31.52422088,55.14551012,238.8889928,39.48860596,0.006377966,0.004310156,0.089226552,18.47795445,41.76140644,0.050572758,0.006918872,0.004595154,47.425294,57.34457545,44.61471316,0.170910371,0.0068123,0.005866606,6.676668688,7.146271941,0.466480515,4.429035458,6.014645788
AT5G45940,34.13171687,56.38716735,13.33933612,47.72302504,12.70219443,21.60477572,23.49755906,8.781134901,0.423059155,6.811117644,15.01743523,11.96490224,13.12151564,17.57182927,19.48667421,19.22383654,23.17931356,11.16435563,10.56709109,0.550402476,9.919576461,4.835773425,8.784295359,9.183334779,6.823412467
AT5G66170,257.413959,157.5384138,181.4313884,740.8905208,55.5420969,166.164418,4.633181683,7.791074038,1.04710026,138.5408703,53.28277471,12.43110142,6.591960918,6.148563485,94.55283092,50.49801251,87.9410168,114.7288066,80.9841038,4.527374872,9.936259446,10.41046913,10.45676218,12.14450888,10.67715567
AT2G14750,63.1111421,21.56621028,25.44440155,67.56122302,30.63124629,57.94138684,132.5044111,98.86794018,67.20292191,15.88040136,156.5519452,79.72338983,41.05455399,43.90260115,60.83546233,86.16274439,55.07004129,7.611088971,13.66840088,43.17640421,319.0433125,327.5428963,314.0492134,295.4971196,299.8373058
AT4G39940,51.74695395,2.686727756,7.075351741,79.77246545,17.89797973,52.6873808,138.6622977,156.7219926,7.849695709,2.02335493,333.7196487,92.53554817,25.43906527,73.08724178,49.34987909,69.20468414,58.33992268,4.47771949,7.914704712,10.25856559,3.903112829,0.012598539,0.008143732,1.570653206,0.040435
AT3G01910,78.96998411,83.72853743,68.26472239,76.15827435,52.5781516,81.97283404,76.23147488,118.2114843,97.82766778,142.0078841,87.60791766,93.42436704,78.8216154,177.651776,92.53554817,114.1526744,75.85032041,79.35884269,88.73600462,184.8572501,85.58089874,88.16778791,100.4196782,100.4799204,95.71565975
AT1G06000,0.00501757,0.006210258,0.007091168,7.153397157,51.33826053,80.41196113,0.006377966,4.766480498,11.67929668,0.003760498,0.012209064,10.95542296,84.33744219,39.78750692,124.2540983,149.8243038,43.38285526,0.001431466,0.001312908,11.84917313,2.411010496,3.966329058,1.864151387,2.258267058,0.040435
AT2G45550,0.00501757,0.006210258,0.007091168,0.018905927,0.002397975,0.163829292,0.006377966,0.004310156,0.765907667,0.097926317,0.527890101,0.002292829,0.001915474,0.004595154,0.00395247,0.164324172,3.189461181,0.007783342,0.002799036,1.664870675,0.980576931,0.012598539,0.0065229,0.003702861,0.040435
AT1G05530,0.834341821,33.15429102,3.68769609,4.361591787,47.64092475,5.291052131,0.006377966,0.004310156,0.144179446,3.123670131,3.228286771,0.004370249,0.312882403,0.090027204,4.708489557,9.156327262,3.813024293,0.420720371,0.512572549,0.005866606,25.8028082,24.46812981,5.187505276,31.39035086,30.66610047
AT1G05560,0.00501757,0.006210258,0.007091168,0.090738389,473.1389891,8.417864679,0.006377966,20.7589209,62.52235046,0.003760498,0.002419969,7.426818633,39.51947641,21.04081652,44.25344634,7.64243227,8.071575895,0.001431466,0.001312908,409.5231584,1.727103752,0.012598539,2.509893353,3.052500782,0.040435
AT1G52400,0.180498337,0.006210258,0.007091168,0.457938348,0.328889706,0.265895747,140.2555284,73.51652136,31.70171452,0.196147206,0.913132982,224.8564988,110.4184818,160.2340964,0.343785692,0.229943969,0.07364613,138.2567189,41.66621448,536.917986,12.32176141,18.27903708,48.02451706,18.44138902,0.040435
AT2G23250,0.193509376,0.961854587,0.007091168,0.122029375,0.013514844,0.04676022,0.006377966,0.004310156,0.003737688,0.003760498,0.002419969,0.005406508,0.001915474,0.004595154,0.072240769,0.094743104,0.152199574,0.014486344,0.006640136,0.005866606,0.012455376,0.012598539,0.002046042,0.003702861,0.040435
AT3G21780,0.00501757,0.006210258,0.007091168,0.622091775,2.248275036,2.161466276,0.006377966,4.219061094,42.95661396,0.003760498,0.002419969,7.595934326,0.757691068,0.478885962,0.310403463,0.20301776,0.41012184,0.001431466,0.001312908,30.21353418,0.012455376,0.982105163,0.002046042,0.061469983,3.101375334
AT4G04870,10.1570997,24.38250042,36.87309906,11.55249506,13.84710657,12.92207493,10.80243602,5.199515505,5.960286251,7.563965393,12.05277002,4.98105299,11.15404389,17.98336069,16.25195128,16.43288363,9.41405993,4.420057164,5.705434588,11.01733619,7.547035513,9.37441351,6.323388988,4.168646998,8.353717158
AT1G47600,0.590863972,3.978496991,10.39102265,133.0350492,3380.720775,158.7818958,0.006377966,0.004310156,0.003737688,111.0978448,29.06722856,0.114415639,0.019562683,0.004595154,26.9790153,40.28360563,151.3062329,0.00332661,0.013666206,0.005866606,0.971025494,0.012598539,0.145839557,0.227086934,0.040435
AT1G51470,0.488513421,3.818425872,10.67091982,117.1468414,2046.31168,132.2404319,0.006377966,0.004310156,0.003737688,124.1372521,26.59531026,0.074737825,0.009072585,0.004595154,26.58912277,43.67322142,144.4670019,0.018647964,0.001312908,0.005866606,0.012455376,0.012598539,0.002046042,2.17796039,0.040435
AT1G54040,0.00501757,0.006210258,0.007091168,0.015022328,0.018301022,0.003720747,12.98584468,20.68180635,0.505500225,0.003760498,0.05428156,21.12529905,29.50490802,28.74729134,0.082760286,0.002842578,0.003641724,1053.561978,596.2001217,0.830838436,1.03244041,3.887606933,0.247264795,2.177288942,0.040435
AT2G33070,0.00501757,0.179707298,0.321008027,0.084833891,0.042642922,0.029527043,0.198715092,0.052851844,0.444495435,0.167634824,0.17258533,0.047866312,0.155277157,0.124602779,1.360433195,0.06340807,0.032882549,0.010239244,0.072329848,0.360326443,0.012455376,1.683306197,0.006441629,0.040345801,2.666502936
AT3G16390,6.483136694,15.19649765,1.42504529,8.055670499,87.60791766,23.05698134,0.006377966,0.567871005,0.031041091,13.95382095,23.06370713,0.247830678,0.074692853,0.689022296,23.57367329,48.61515318,52.6873808,0.043415596,0.02304892,0.005866606,2.409004884,1.21537532,0.069458299,0.043543985,2.930867733
AT3G16400,43.23364492,4.425560783,9.526878471,841.256319,37.51986642,390.5500479,10.45512631,9.473684717,10.74484513,195.5245581,1780.123981,30.18231075,13.77658906,59.76567923,711.7247032,478.5769031,351.5464547,104.1175974,49.92095512,1.090500728,2.965075403,3.932959678,2.72904551,6.044290238,4.80898261
AT3G16410,11.02994116,34.11869061,30.28940922,106.3199034,108.489364,62.19382955,0.006377966,0.448866249,0.454493363,10.9662419,73.18967848,1.372740907,2.988649372,5.838356615,43.49263565,31.15624012,33.96504963,16.79845568,10.34001962,0.005866606,0.012455376,0.012598539,0.074507527,0.030389654,0.040435
AT5G25980,0.00501757,0.006210258,0.007091168,0.081529415,0.021528738,0.040186935,282.8906599,395.4619867,289.703985,0.003760498,0.002419969,882.6926618,444.5349161,1334.030028,0.679392279,0.002842578,0.003641724,8.379279858,3.224868993,9.875965347,18.31101878,20.41986507,43.15437004,37.41546231,0.040435
AT5G26000,0.00501757,0.188675784,0.007091168,3.072941662,0.772243571,0.081872191,793.0384727,902.7551788,524.1594508,0.003760498,0.002419969,1313.167639,1279.053178,1823.283292,4.228508886,0.11425615,0.12737056,68.19177984,17.32092391,30.69698021,15.09722689,15.36793154,37.22412465,32.01916782,0.040435
AT5G48180,55.58295388,124.3720683,57.02707776,72.74224436,2527.383686,131.5372249,4.658493768,58.0849538,279.4093688,309.207008,39.08277719,42.3340881,21.31570564,37.94205825,106.3199034,82.02218982,50.19145357,9.174591218,6.377636862,187.0277811,76.76467525,76.89065326,102.9273423,92.94141683,93.55999011
AT1G50170,19.02978166,17.81987899,16.54563622,11.88611447,10.40354658,10.15543513,24.67680196,24.68173388,24.31537664,16.76857791,10.20396001,24.24540289,28.42252628,15.35161851,8.41627217,10.74830093,12.58430802,6.349751006,7.547035513,22.86850868,27.38275133,27.65667406,24.98399513,30.16943922,29.02756633
AT5G40850,36.58330797,20.42930034,17.78060915,21.42106001,39.14791446,27.62200582,15.68632938,19.76782077,35.75840368,40.52625024,72.33742709,72.93165553,113.0572631,34.99872737,50.43284166,74.66959369,102.7624461,41.03184695,23.51125772,40.61313285,3.709935234,5.968222522,6.734070585,3.486273897,6.17489043
AT1G09940,27.02780208,14.92428565,9.221812603,15.91247113,147.2802979,13.65740345,8.87187437,15.57051607,585.8028099,19.83055457,51.54479886,36.81968317,10.37236118,9.970057281,31.22677377,10.35742339,12.86307459,2.341781271,2.678382732,58.41176307,255.8389298,256.2152756,277.6502066,271.3644948,243.09694
AT1G58290,30.11708424,21.40728423,7.700145521,35.0850662,54.31844808,24.0034245,745.2660276,619.829104,381.6552656,42.21253759,53.60948141,294.6597717,144.6904758,646.7333318,35.37569462,18.73069153,23.3161792,27.09947179,32.15840847,410.8508014,140.4169242,143.127196,90.42590352,117.8514484,137.1905948
AT2G26540,10.12524727,10.34138737,9.182145833,4.873307853,20.93582358,4.319970992,33.13045051,17.88400776,49.22334063,9.594109069,6.756417386,25.8882642,26.9361108,52.1244368,4.819304595,5.367005591,2.586885436,25.8709566,21.42836977,35.98569233,34.95187293,34.73256974,23.53595394,34.5708893,28.26275816
AT5G08280,30.40158551,32.36264569,23.90306534,24.57247253,24.1462646,26.4466102,196.5386431,79.88080612,82.83658695,29.0542267,30.35430934,183.0182102,250.675705,388.81955,35.35473439,36.33505319,24.45879735,29.84223775,29.33447844,102.6953914,12.9476072,12.26884129,10.16268601,10.69011331,13.32137594
AT5G63570,39.24576443,26.96497034,18.26240327,24.33661721,38.63432134,37.91423934,55.67073368,54.80163156,66.98291512,23.84524584,32.3995732,81.08763654,130.0672738,100.3432062,37.55524815,35.68893467,34.10259778,25.4619315,34.70009626,45.24357648,20.00774954,21.02337641,18.26240327,20.79635301,19.59450024
AT1G61820,73.89574567,1.001447183,1.319568521,54.53534911,38.92757621,70.0800262,0.801393618,0.81685545,0.039145769,22.09464726,101.32173,1.518149101,0.114737388,2.877418054,37.42669879,22.3824967,38.56815149,3.666943334,2.087978063,0.465238528,0.790825366,0.938290857,0.006416762,0.003702861,0.040435
AT1G10670,135.2019989,210.1304178,144.8558341,273.6574782,228.9914934,282.8906599,128.3989753,102.4627069,64.40010477,295.4971196,221.4796328,121.4037099,143.7772871,118.3718065,317.9386177,240.6084726,165.1198294,130.9538369,147.9445982,80.41196113,111.3606202,107.7363129,99.35005451,97.64234498,98.67179793
AT3G24503,89.80606031,32.9859544,14.07902691,85.70738748,109.5880095,129.7318703,56.23161825,71.49565417,82.72992107,111.9412907,122.8882056,83.91487983,66.48708536,84.33744219,123.9882372,171.7572635,408.2262228,12.32435646,12.82429966,125.6178998,3.930602268,2.387418241,3.068167295,3.46923426,0.040435
AT4G36220,4.396110919,1.05998612,4.006867182,16.42324405,0.147305851,6.407762503,151.3062329,47.92512048,24.94841274,1.363879133,21.02337641,45.16562504,158.2669553,138.2567189,6.566744182,10.86012916,23.15677503,5.431926544,14.79564502,57.1949243,2.893885685,1.792780398,1.356252639,1.191318485,0.040435
AT1G14290,15.35161851,74.47545857,16.59123331,35.87013487,63.92243974,41.1088758,45.22675664,18.50062723,11.75006238,32.57441517,23.42727131,18.5210183,10.84771373,24.81002561,29.34286001,29.74891464,17.05100908,6.79839222,7.76078865,6.190801887,431.6191141,436.9533166,382.5625083,379.5842049,395.4619867
AT1G69640,69.6099125,50.07627482,32.1180297,42.10717401,55.25441956,47.90829445,47.14111078,30.28940922,31.43983456,25.19000317,30.55382558,29.02756633,43.38285526,27.72174754,43.15437004,50.04344769,51.07408173,12.86799919,17.64428613,52.62441207,47.59204615,46.26446034,30.161756,34.52637787,41.73526763
AT2G34770,38.84301354,152.4924532,73.0141185,49.84937618,96.61287955,59.60184936,48.71948972,55.90129651,61.53887224,79.15060308,23.40341904,42.03685085,36.43229622,108.6402064,46.68559997,49.12203109,48.44431414,39.40680698,41.00216219,88.88629126,515.2451425,526.183029,410.8508014,453.188506,503.8883966
AT2G37940,54.8577657,69.7555704,34.14179015,57.86506981,61.91392076,63.54560653,29.70329233,21.1439187,141.4529962,44.58266771,74.72017366,99.76468317,20.23356878,18.48884141,61.08641665,47.04037526,58.1554627,10.63720834,11.01733619,57.67781408,7.412371242,8.29151538,9.651999149,8.96556519,9.016661142
AT3G06060,21.5555781,53.58876362,33.58288856,27.12400497,28.81173857,28.8697751,20.86144769,12.20669257,10.06251394,30.02320168,25.14998339,14.06236989,8.916029086,28.26275816,24.35643964,25.69584073,21.13436788,13.90659862,17.8137008,9.711071545,33.00240572,31.38490827,29.63420073,32.76039317,30.82212078
AT3G48780,18.78817405,25.70077417,17.12951639,31.08313487,25.41604495,28.99437943,21.02733458,29.76175958,35.99355908,43.41479091,28.65327358,19.52437478,11.95701819,15.93927263,24.5435466,22.09464726,31.38490827,16.37509314,14.22064597,23.90306534,342.2956566,347.2876469,264.0447389,282.3492432,322.0859942
AT3G61580,35.97368031,127.3623155,96.3993427,110.2166809,88.53369051,103.4958554,236.2202747,186.5563957,178.0775231,111.2813342,73.77822842,174.9956978,114.446232,177.8246832,95.15980234,102.7624461,58.41176307,53.06388527,94.36445294,136.3589797,982.6827007,1027.465476,784.8203374,863.6122554,1047.29051
AT4G04930,2.052369749,5.829422411,0.391602538,0.226148858,0.819755423,0.27735447,0.006377966,0.004310156,0.003737688,0.955080227,0.203952637,0.001911507,0.014972287,0.071585104,0.687053864,1.0098605,0.64086779,0.005375547,0.005093849,0.005866606,1255.107778,1255.107778,1235.789405,1188.829576,1149.112744
AT4G20870,48.41011561,129.5251273,51.87627329,75.67995646,55.90129651,52.28409837,51.52776856,28.04808196,29.37604103,82.59386272,34.43698926,27.18746667,24.67680196,33.55285965,41.80133453,40.73190578,43.36900217,30.9725664,33.60362352,44.09410528,603.4458291,607.6870958,554.5503828,559.5644505,569.111851
AT4G36480,13.94451655,26.25800416,20.26738882,17.96803413,15.66772067,22.19048142,20.06572497,8.17074789,10.30333134,18.14303083,19.24576666,17.64428613,17.2347802,9.797476515,23.11396645,22.51820591,18.82214827,21.45231052,18.20399265,15.67032598,24.48924241,24.67142346,16.25473303,22.94848533,24.05309905
AT5G19200,3.720369839,16.25643601,14.45947934,5.715148845,7.555904923,4.229617856,7.249114489,4.950207854,2.244456452,8.721901233,5.190459282,3.722040944,3.874566258,4.367079259,5.04972278,3.537499567,3.733059896,3.554010692,3.690643589,3.26546079,7.527640859,6.537768723,1.520989225,3.290903984,6.58802877
AT5G51290,17.27658453,13.0199045,9.822797049,21.90412108,11.59408071,14.39505109,11.51857729,13.12348345,13.5957058,18.97933404,11.47449342,20.47447239,8.853296374,4.827743981,10.92158404,11.24229053,15.8169534,39.47436003,29.47618458,14.43454997,77.2373518,76.0705009,71.83510112,73.31377132,79.35884269
AT2G27860,94.25130719,264.528305,111.8463471,244.4671383,227.8340426,190.8446699,195.2247071,136.3589797,64.32287312,324.1522621,182.0974039,209.7888798,171.2887576,110.7244769,196.0054643,224.8564988,133.2834006,125.1726188,112.3775813,84.9461161,84.42731965,91.59171907,101.9883264,110.5641749,93.93514374
AT1G79500,8.748814426,44.7660467,39.11733144,34.39172807,9.419144757,12.92059775,13.67560872,6.578713133,5.048744825,24.88177322,20.91260324,19.21481147,18.607234,14.96994402,19.76047467,18.10835153,12.30190799,58.52995642,51.13246366,9.546388712,12.35927974,12.09915058,11.48620158,10.34001962,11.04790832
AT5G04490,8.770558405,2.744387507,1.193399728,2.911049597,4.622883289,3.473428809,77.92969845,27.94344698,24.59385848,3.455772366,0.864391768,31.55190768,11.54907092,22.71726143,2.248967195,1.68149992,3.535014629,17.67364529,5.450173488,51.00192799,1.297210695,4.460574941,3.229972431,3.727682865,3.348636527
AT1G14810,15.50540317,41.66621448,134.0298277,40.73190578,27.20875992,59.94390655,36.41759003,36.50510481,33.58288856,127.2200983,84.9461161,43.30233003,58.81931482,39.68041677,71.67367115,87.98928708,39.08277719,9.653805361,13.16834431,30.23789817,3.672910776,2.570872588,10.75400448,2.251764552,0.040435
AT1G31230,5.715148845,13.51150877,19.85302153,11.04670524,8.018868038,13.24717592,28.65327358,33.11611171,24.92410861,26.8294492,38.52859798,21.55920891,59.79718733,42.1998918,24.02331874,45.51107316,16.36039612,6.822066538,6.738684459,32.15175578,6.332920012,6.005386801,10.38711056,6.488243011,6.48163891
AT2G45440,14.58679888,19.20544782,54.12505797,14.85185961,26.08652435,23.68603698,13.41376383,14.84735049,30.00735074,21.89466505,19.33104387,15.11831523,97.09779799,26.00101131,29.09411129,29.95654958,16.91494346,12.6246725,17.70140762,24.62223713,0.947768777,5.325219526,8.2164429,2.390374027,0.040435
AT3G02020,0.121375529,0.155455665,0.300737682,0.088248555,0.13153989,0.047866312,28.24458027,64.46833237,3.393125531,0.128172426,38.98267352,32.67167125,1.786204995,22.99596389,0.926343142,14.78309304,11.40778748,0.178535677,0.033383015,2.937425881,0.012455376,0.572652147,1.213523875,0.029460315,0.040435
AT3G14390,6.218475875,18.44294244,56.61797426,19.40872943,8.481686952,26.46807727,29.2266209,15.03100941,15.45201278,43.93997959,28.7395763,17.41154266,38.02087888,39.20867225,37.18140565,35.66597479,15.47179168,10.8677468,13.77404982,25.95630931,0.792817115,5.687819473,6.815402816,1.552934765,0.040435
AT3G53580,49.34987909,44.47962935,98.67179793,67.15480222,44.17222008,64.49884529,27.74468025,40.66511371,50.07627482,86.42724328,55.58295388,55.58295388,72.0690576,48.54393705,70.76922266,66.48708536,69.97373828,25.1333186,36.17404326,57.82841628,84.04014028,82.02218982,84.89195277,76.0705009,77.456316
AT3G60880,11.07725145,19.29676992,47.81300033,16.92288297,10.01809148,18.18191844,12.23311487,7.885083868,7.030379079,28.54721495,15.07163156,10.83563375,26.15264521,15.8101438,19.49888209,22.2799108,14.60412877,62.60434097,90.0925499,19.6564107,3.711382856,7.043628125,5.945075495,1.158550075,8.668731192
AT4G19710,4.943464128,10.68609097,23.43584014,13.60290382,8.095510729,15.21475826,29.85180483,27.88746471,30.27193531,23.63898823,17.2347802,14.60412877,59.91707746,47.2660976,27.33543098,22.97222479,11.03512823,10.51310344,12.03965789,28.60825686,4.584888322,1.822766449,6.094459254,1.1100346,4.819304595
AT4G33680,32.07467798,48.25098455,114.9043424,48.42717777,19.26777019,62.64998969,86.78193204,38.56815149,43.48305607,40.84921134,62.74228701,47.2345006,158.045395,83.48404056,82.62843732,85.48307606,42.79209721,17.30488281,19.16387424,87.13716537,17.09069457,16.32014942,16.99138024,18.74930099,20.78640455
AT5G11880,20.56261506,31.65054306,60.8920456,42.77276397,18.19555915,47.27859472,41.38727144,15.5807321,18.16451,58.86829331,59.36103562,24.63850331,53.66650863,118.556851,60.04208617,69.34764299,38.80768135,36.08410468,37.87834688,50.55873496,12.85535315,9.400747189,10.82561218,9.389876863,11.90310837
AT1G21640,7.099978907,6.485167386,7.122269041,7.856190841,8.268041365,9.754163485,57.42066144,43.04189688,52.95278704,21.71188067,10.4843737,15.93625693,20.26738882,29.73998316,13.46087596,14.32221535,10.89300579,5.241317313,5.145318347,129.5251273,23.42727131,22.50758406,19.87659139,20.04591147,24.86478269
AT1G78590,7.82225452,8.747017369,11.25716475,8.623134238,5.611529049,3.88676904,15.03913797,4.986042315,4.466492296,14.32516862,5.551640367,9.316843163,6.516343227,4.989443231,4.798996375,4.76869375,4.224653575,15.5807321,18.06736075,15.76855723,47.79780951,48.33249456,45.28154029,48.44431414,41.92957163
AT3G21070,119.9732837,32.051332,14.1097648,90.98277707,100.5967065,69.53947676,15.27804574,13.03671718,436.9533166,45.68196034,63.73823344,56.75884932,28.75508518,13.7530942,92.17715303,74.5975486,94.47338173,13.81936766,16.73987349,67.20292191,8.833167446,2.949976924,6.804432636,5.074797084,4.663978259
AT5G37510,73.08724178,79.72338983,65.9343471,89.4535554,111.4324437,137.5013581,74.7988315,73.12445335,45.78891149,221.4796328,138.1249385,47.90829445,101.8201876,76.71840716,207.9261194,208.2072074,117.3420651,34.16092412,33.53165355,51.20669096,40.81252246,41.43348895,33.86481419,37.30167606,38.90340376
AT1G04220,10.13549665,0.257692194,0.007091168,21.71188067,0.38561627,93.93514374,2.049548657,17.68036477,0.136243302,1.366589472,6.742610541,1.962825657,4.897470718,11.65048336,68.98405881,43.65896979,33.34762797,8.800895983,7.334574307,0.005866606,5.651359049,8.228653868,9.352123033,10.1020738,0.040435
AT1G25450,4.795440772,17.9380615,4.535202505,6.631768466,17.95361742,13.64851986,5.036633077,3.410479763,0.029093708,6.823412467,3.393763492,6.960959134,15.62799558,48.07679592,8.06487167,8.793546973,10.40354658,2.759216306,4.648367101,0.151485147,3.562613209,0.012598539,5.268619919,1.836037347,0.040435
AT4G34510,0.498092499,0.697682882,1.467758326,2.008700537,0.028060259,0.861907701,0.315986642,0.004310156,0.003737688,0.062291393,0.195484887,0.339688194,0.338927358,0.457938348,1.530904603,0.902587026,1.617348969,2.773859741,3.347398491,0.005866606,0.012455376,0.956674619,0.207319129,0.003702861,0.040435
AT5G43760,44.17222008,35.89721879,6.177312439,30.66610047,24.97677356,83.08451211,33.83362008,85.22511442,50.00777844,16.30385381,43.04189688,57.06262432,26.20913389,284.6478231,58.25687102,43.56606476,49.00198272,13.28730892,27.12400497,6.559132423,13.84118669,13.14185972,21.70812533,14.72428528,12.29209029
AT1G15550,2.910609322,14.01121483,7.505800275,3.751833851,3.295209685,4.471713736,2.737688881,2.046930646,5.643419996,15.35398713,9.572197867,3.416029191,3.503495256,15.03642783,6.764195012,12.79308804,12.98584468,2.813920075,2.591045543,2.205909517,0.012455376,1.415354174,0.007807418,0.296346465,0.040435
AT1G80340,1.983194126,5.683098997,0.755673288,0.856697112,0.21093319,1.932663894,0.006377966,0.16056824,0.031000841,0.372178639,4.545811042,0.007000919,0.0269839,2.09570373,1.97027733,13.55241428,3.407372928,0.05852014,0.547623421,0.198056951,0.012455376,1.097771757,0.025694122,0.805395588,6.197983945
AT4G25420,0.00501757,2.446579349,2.928316628,0.158445694,0.062643466,0.072072291,4.353865769,0.565632449,0.496611981,0.105632576,0.385054949,2.328761566,0.631482142,7.574135408,0.372809442,0.941193448,0.287189851,7.356880603,2.43016507,0.183984571,2.729999254,0.012598539,0.283089588,0.315986642,5.309301467
AT5G07200,0.108951442,4.284656427,7.168239025,0.255022089,0.101245389,0.507458448,2.409956102,0.004310156,0.003737688,0.321110299,0.342546479,0.082890103,0.005707,0.004595154,3.305306791,1.221643891,0.381508829,0.007311005,0.068064802,0.005866606,0.012455376,1.320632552,0.006664172,0.003702861,0.040435
AT5G51810,0.694132958,6.21927412,9.896130446,5.83218553,0.878080466,1.80644706,0.006377966,0.004310156,0.045193009,1.365829915,0.68431586,0.502711526,0.006059022,0.164011052,2.424829276,1.654627399,0.531829879,1.339361829,3.069426933,0.005866606,20.95041722,21.36942921,13.01061037,18.02797001,18.75806625
AT1G04620,0.342000694,1.771234334,3.009809269,3.344319522,1.544747186,0.334445308,10.26940171,14.65386274,24.84053728,6.714359168,1.274094536,24.72516881,23.49755906,22.63780179,0.411340078,0.630031998,2.672190239,15.88934938,17.69005114,47.65940674,6.951972956,8.134063601,1.221112032,5.57550034,8.69191764
AT1G44446,6.645878171,3.441259716,3.876359012,4.343783954,4.661794735,8.259500101,526.183029,201.0376031,120.9896603,6.92245041,0.660272738,74.84484207,107.6392303,279.4093688,5.401669492,4.643273781,1.335965154,16.96784823,16.94208473,84.42731965,6.030987724,7.196501788,5.030421878,4.893083288,7.092257715
AT4G13250,2.962378807,0.726318756,3.253981297,6.055097235,11.22200752,3.681495907,58.65876717,39.73219368,39.47436003,1.634155588,2.472404262,158.4427786,94.67432483,33.20725682,4.074866125,2.187793289,3.002551482,29.91936897,32.49194575,396.3007878,8.916029086,7.732468214,10.26384775,16.57979628,0.040435
AT5G04900,2.070126214,2.68367693,8.964753584,2.218179064,3.145114195,2.463769526,29.16591957,23.55047098,27.98421399,3.87529791,1.558053683,13.76770233,23.57808018,23.54587835,1.830318538,1.643309196,1.721923442,21.18637434,24.67680196,52.39324049,1.304097567,1.17711179,1.99622055,2.608421827,0.040435
AT1G74470,26.92302223,2.700278998,3.87529791,12.89184708,2.949197217,13.24268249,856.6509316,1613.941007,1508.054189,14.38905825,11.7803937,1121.702686,745.2660276,1536.85554,30.66043724,28.75508518,5.145318347,269.797673,328.4297508,1132.44037,10.18626869,9.690188862,22.54928849,13.8268705,7.39565759
AT2G30490,781.7374721,136.3589797,38.54274674,279.4093688,312.9605997,757.9349888,115.1046692,111.2813342,210.6058194,282.8906599,686.3444441,42.98105077,220.6161824,143.4434588,890.7448109,522.6225646,605.551838,34.55086807,38.20462313,83.42817932,9.37441351,3.107612182,10.37543355,7.176291229,0.040435
AT1G48030,36.36531608,28.41616077,43.85739754,39.2261305,42.18733954,51.65002699,78.56160772,144.1939939,187.2820121,59.29642317,65.57166585,90.69168751,81.33937211,140.9483858,73.70743265,75.23707055,45.48114383,17.30795654,18.40687,426.405535,37.22412465,36.0452598,34.08284108,34.62157113,34.50729414
AT4G13940,1536.85554,2137.661099,941.2926061,4186.103272,1157.562945,3627.233294,605.551838,832.5408166,370.2950604,3380.720775,4466.935339,668.5401346,910.9725279,804.4471623,5920.177318,4740.973714,1799.536519,1536.85554,1986.623308,229.9335384,42.99329825,41.14978135,69.90083111,46.42014603,38.27595626
AT1G80330,0.00501757,0.006210258,0.007091168,0.002301972,0.303483289,0.003720747,0.006377966,0.004310156,0.003737688,0.048374062,0.028794482,0.011796034,0.001915474,0.122327493,0.00395247,0.075185515,0.003641724,0.081309112,0.068430393,0.005866606,0.012455376,0.012598539,0.002046042,0.003702861,0.040435
AT1G05160,2.030051173,7.373961983,13.62814771,4.896141574,7.954773264,3.390766746,6.358063308,10.1670501,11.09282367,8.367062646,4.802373182,6.950227342,7.39565759,5.084774582,3.661720583,4.144481344,4.119792427,38.92757621,29.84223775,7.151667305,7.858273647,8.554982888,3.888392823,5.371212839,9.054509548
AT2G32440,2.225572379,6.563624273,22.24053961,6.137292888,3.008789444,4.437472024,15.74373251,18.36975266,13.652755,4.85620249,6.088233567,22.01656859,16.75332845,20.99606653,4.185237083,4.474073285,5.533682284,120.9896603,143.3245697,16.06511747,39.40680698,38.0873399,34.32743821,33.61265762,34.80175919
AT5G25900,7.096649722,12.76689696,68.58734325,17.50283389,16.59530956,19.18656066,26.9361108,26.16397586,15.22787027,17.01089039,18.25362566,17.22364876,8.954727249,8.829774493,13.95673755,14.09664894,11.75717044,29.34286001,49.23956325,14.79935496,11.0816229,12.21629495,17.10735786,12.81313557,11.71420551
AT1G79460,1.619132333,6.617729831,11.33281119,8.351969385,2.870845345,3.261041574,13.35814684,8.445670562,5.15617483,10.25076747,6.729877602,12.85275874,2.674016513,3.626015963,3.739169085,5.46984251,4.63187331,23.00949056,13.09935658,6.797322408,17.21346285,17.52268972,13.97537105,18.16451,16.46394839
AT1G23360,6.422163608,6.20709147,13.41376383,4.703524547,4.406770749,4.424992546,22.15838671,11.85553205,12.46996324,5.781731836,6.906354475,44.00747136,25.02906465,11.2705081,3.593308271,5.068396056,4.415781522,11.18759749,11.05871225,19.57296691,3.007092757,2.820714381,4.788038356,5.381172953,4.796526752
AT1G60600,0.694132958,0.654509743,3.305306791,0.797697495,0.221976025,0.513235474,47.02392077,11.51040147,11.55076325,2.748990752,0.991406628,17.43266515,40.81252246,19.42718293,1.136089391,1.186080971,0.428318794,7.131770288,10.00115918,12.7811805,16.37941702,16.75332845,10.33092796,17.70552009,17.88085113
AT1G75330,42.82975404,82.02218982,186.0320282,59.26853132,30.80518597,70.21576733,60.83546233,48.79980728,41.20883367,191.5647198,101.1086901,59.43799838,82.99156357,38.93869239,87.10247568,86.61261569,60.16847416,27.18746667,29.5498487,72.54378933,9.996954438,10.99958993,16.65616051,10.60198346,11.96490224
AT5G46180,17.65690375,14.66166844,13.58045086,20.97704317,33.01173816,22.1479548,19.72449421,29.73294693,18.90744026,28.48365119,12.78334326,15.8707848,22.91235289,12.62735905,15.92344554,15.47852488,17.72803863,7.588161651,8.615228484,38.77923118,31.78568625,30.25851021,19.28960384,29.75489309,29.11707822
AT1G37130,119.5950879,42.26133604,12.10084601,46.53068681,67.32942802,32.54113871,148.4169855,1458.759236,1149.112744,56.80702353,196.2546081,334.6035184,355.3339552,1035.215896,264.0447389,135.8471574,180.7790383,12.42155509,4.454996564,1121.702686,19.25545825,21.924812,10.9724797,20.07550819,19.31995378
AT1G77760,42.15679328,7.470969511,3.847963154,13.79331254,44.35046491,4.504798401,37.77003226,44.3953551,68.65516814,5.645322906,158.9385518,35.94079929,109.7218093,83.08451211,33.63074064,32.09999167,152.812988,1.961051656,2.011750099,174.9956978,13.94451655,15.19957407,9.064229974,14.3909821,17.17275072
AT3G55030,13.18789054,33.92383457,35.43193934,21.04786228,33.74385628,13.15743576,21.93780058,15.80559886,15.1240638,14.10189557,20.49124177,19.88768207,12.42585746,8.12708744,9.330951646,11.04289092,8.683731394,48.1931046,52.1244368,16.18932475,71.39895753,72.78606669,79.51913753,66.44871706,69.8708169
AT1G43710,42.95661396,82.28507353,81.29000234,57.69610138,47.02392077,72.15330672,30.53243078,51.98328772,33.75931427,124.8030012,96.72432898,50.86836126,72.42603488,56.00500988,94.06021899,137.7982862,93.71778667,48.23231871,34.18793742,87.29959763,166.5672627,168.6905703,190.5766528,183.6836708,173.5329307
AT2G38670,17.22794477,57.98507991,64.5791751,56.77778674,29.17205497,43.56606476,41.9703592,16.4382199,14.05503891,34.20091639,39.53607676,50.13716743,50.45173838,16.91494346,42.12114081,45.2105607,32.53272036,39.99399954,53.48847084,39.56973418,32.30257337,33.96504963,34.40696139,32.13526222,33.91726764
AT1G80860,20.57448226,44.17222008,52.25387992,20.42930034,14.40944929,17.97709191,18.46479058,19.25545825,11.56303561,38.90340376,23.13812708,20.25523477,15.86805549,16.2917494,14.47641665,18.2949186,19.14315995,29.61918528,32.94558722,13.43296317,22.64956525,20.73441159,27.64510608,24.84593561,19.23829923
AT3G18000,22.29183384,178.5435873,232.2461837,0.002301972,14.30748945,28.69551016,19.80408623,3.997044111,4.217998506,11.43882884,180.6137824,64.72658429,64.55722422,0.004595154,0.00395247,428.1550828,0.003641724,686.3444441,295.4971196,0.005866606,16.50175384,16.06511747,14.65984163,14.89103357,15.98728943
AT2G32260,35.64917947,34.08284108,25.22081061,38.03319148,33.99335618,45.80585834,26.41898809,32.93446938,29.8921268,52.16361573,32.05891374,27.80069662,29.88643421,21.49970575,37.46216728,42.06843393,60.07628777,18.78038434,17.39154764,49.9547998,39.78750692,39.19834158,48.266374,46.54775423,44.26715413
AT4G15130,25.05166048,16.58543295,14.01939622,8.811461373,0.002397975,0.003720747,15.65290845,15.966901,87.98928708,9.327578287,11.90310837,28.01736898,18.23249889,13.07339987,11.7332355,11.39769968,13.65051215,10.69011331,11.64641336,22.69270085,0.012455376,0.012598539,0.002046042,0.003702861,0.040435
AT4G30440,89.23871048,63.28455021,15.67306452,41.23755622,93.77852251,66.76727306,149.5213009,207.3343646,116.1830651,33.70928292,183.6836708,114.6510759,69.16156218,150.8166841,119.0167736,48.59897652,84.50564572,35.01436524,26.80554406,38.95682503,301.3129233,299.1561769,241.899847,280.2092799,302.3738293
AT1G14520,2.704980344,0.303809591,0.007091168,4.828652804,0.334445308,0.911356388,9.772975302,11.0014038,18.80780157,1.000713366,3.335643289,7.150174432,4.424992546,2.148539804,3.169728926,0.828054684,1.954985788,2.792962744,1.478196301,71.39895753,5.943901042,4.520143377,5.288879955,3.166048508,9.515625206
AT2G19800,20.91765964,17.87849929,11.18909783,33.14985635,207.9261194,58.01668124,0.222982536,0.42140658,0.243283244,509.1744169,126.0294455,11.16249047,2.218179064,1.45106869,83.42817932,47.36068991,36.75233464,1.579950585,2.792037821,170.8015361,184.5489906,187.6684313,117.5748342,140.9483858,167.007426
AT3G01640,25.51783091,42.51368778,24.80321842,21.68801004,42.80295912,23.37367982,7.548429263,15.98422153,73.66594252,17.95686585,25.30110235,24.06056577,11.1398979,15.48718582,20.19169726,19.95518612,16.68651573,7.284505983,6.576438763,19.01621791,126.5016028,125.9042329,114.0579421,110.3124297,108.5881884
AT4G26260,0.336327085,0.834496239,1.713823727,1.304782122,7.720148246,2.432970294,0.006377966,0.104751604,0.043615988,45.65012125,0.984244831,0.512572549,0.158531195,0.416531114,0.643972647,0.777178802,0.235155988,0.232020919,0.233146533,12.5128248,1823.283292,1868.996128,1377.967545,1536.85554,1712.159003
AT3G53520,31.09878725,68.55649597,38.73333689,35.71754142,31.10633288,54.17633868,21.27214947,35.39662228,16.82432752,43.82957823,48.37881148,25.43388815,29.9060119,40.62425921,56.4237985,62.2612102,44.72163771,29.17205497,27.68177442,15.05341299,19.68328956,19.15656279,24.08958893,18.76773276,19.81807255
AT3G62830,175.503952,115.7065226,43.33819529,143.7772871,155.2060726,185.1326649,16.41032724,35.58093014,25.68409247,65.2671207,170.5851465,27.22666182,28.7770348,42.2747516,274.605722,238.3501207,328.4297508,16.17782369,15.30894264,22.66907194,54.94762668,55.07004129,51.52776856,54.57758525,49.4657472
AT5G59290,120.9896603,146.5020287,38.15563055,178.8304334,248.8246489,197.8119007,48.73426437,31.84414894,14.97221998,133.1535799,100.0675789,42.2747516,58.38969611,64.26001484,136.3589797,200.144119,213.1662704,34.20886879,28.58735292,14.93569643,79.35884269,77.54279532,57.1949243,67.38722736,69.90083111
AT1G31190,5.340859755,5.075785114,10.31995041,3.079402865,1.408556745,2.845923483,61.9906781,56.70686289,66.83780825,4.779292889,5.876085917,34.79298434,39.10489421,46.32531385,5.785113209,5.969690929,3.11184992,19.60733285,21.34361394,94.55283092,17.29328132,17.25298682,14.0581703,15.08645152,17.19055405
AT2G22240,5.708564126,4.603581679,6.116147511,5.785113209,5.405685817,7.397299104,65.33901776,155.4026522,69.27483848,8.258211124,10.76064497,9.594109069,25.45669507,46.97816633,4.181074937,5.292009339,3.951939068,46.34014175,36.5555751,68.30177371,48.69747807,49.59596234,48.96258247,54.71795705,60.86085792
AT4G39800,9.404119586,56.49465756,83.18967531,25.98704302,25.09706908,61.63622567,544.2505771,886.3799385,445.7364238,53.33930856,37.23191737,52.39324049,556.7076064,207.9261194,85.04725535,52.10325291,29.51759494,14.88856124,4.766480498,158.2669553,20.39189006,20.164623,16.16690893,18.60266477,19.03543028
AT1G65960,13.08747049,4.425560783,0.463605896,18.52785615,19.31622929,29.35503573,124.1372521,147.5989273,69.57953983,28.22167414,60.23642756,164.9576134,89.85433002,100.5343549,33.04098106,57.6132368,50.95959782,19.47152867,6.869305426,202.3667119,5.819669211,6.88290091,2.911049597,8.690492352,7.415313919
AT5G17330,413.5520311,299.8373058,46.13879829,410.8508014,1195.855771,610.2572175,1.178798174,1.712256907,0.285685569,941.2926061,499.3964563,0.495256236,0.459987102,2.469432904,527.7801986,418.2257529,1132.44037,0.984982726,0.41012184,5.566310973,0.012455376,0.796287711,0.229269045,0.751372745,3.926440868
AT3G25530,53.14737643,82.06786651,72.42603488,65.64496549,27.31561729,57.65964495,92.94141683,102.9273423,109.5880095,46.79811815,83.48404056,73.18967848,134.0298277,74.94753191,70.14590569,98.62738765,60.31077582,370.2950604,282.3492432,143.3245697,8.624833733,9.283151364,12.05137201,9.69158085,7.147422665
AT3G22370,116.5234813,42.09284106,26.22930073,23.50654579,116.4122012,37.1739117,40.58102856,24.632768,250.675705,76.35588758,12.8961024,27.74468025,56.23161825,8.455006363,60.37383558,34.54440199,56.57503568,8.813980452,78.25651986,370.2950604,9.528724887,10.53064688,7.490942293,8.509755731,9.241717574
AT1G80460,86.78193204,39.32149248,33.84492303,106.6919372,75.67995646,172.4366313,62.2294346,36.42642702,27.38275133,84.78428972,94.42998741,36.75233464,36.75233464,30.18231075,97.37237519,89.98524329,151.95334,7.962650993,7.081855869,35.55502473,82.06786651,85.58089874,126.4378383,99.1632097,93.15755663
AT3G11480,0.177494249,0.006210258,0.007091168,0.016133003,0.02066119,0.033540589,0.006377966,0.133517044,4.922205567,0.040764697,0.012418429,0.183738573,0.006253793,0.004595154,0.00395247,0.002842578,0.003641724,1.217713083,1.043581301,2.68886533,2.610884155,2.866685671,0.052210661,1.499848958,0.040435
AT5G51970,52.18600019,31.51322648,32.15840847,60.80689251,23.17931356,73.31377132,68.94182345,200.144119,154.6802352,58.5589009,67.80116642,94.80069864,36.51443908,32.20422536,34.31761672,39.86559864,99.51346049,13.27002596,8.217899522,329.9761612,77.11046796,82.16884126,34.04551213,69.34764299,69.20468414
AT2G30860,1040.22242,95.76086911,313.385546,1938.760216,135.2019989,1402.787215,542.3306227,320.6594528,35.57292367,371.5677416,9914.443872,1490.777314,329.9761612,429.4355076,808.6965415,3057.556208,2205.196792,349.5943137,410.8508014,520.3020272,7.982367861,2.969921256,15.78623854,13.59117286,0.040435
AT3G54660,20.84673014,19.57296691,29.31751181,26.08652435,17.40414865,33.06092195,203.1994765,309.207008,245.9402265,67.56122302,37.05427826,86.26452357,98.57474859,313.385546,32.75297785,39.72205375,23.26241784,31.71877684,32.051332,303.6725543,18.45123836,19.293052,15.76323322,16.90891448,17.18790888
AT4G11600,1221.437382,401.6331289,167.822376,455.5814286,1780.123981,290.8250697,104.5749692,49.6487628,478.5769031,238.8889928,529.1245129,194.7419295,168.9455997,28.05378417,663.3903681,747.9601911,1113.418927,19.07390708,21.26858734,788.5897213,35.32255893,34.33565353,49.61408247,34.67530311,31.06940368
AT2G11810,0.26432756,1.020725772,0.336498604,0.686148756,1.83498547,1.089896164,1.249969614,1.327991457,0.040186935,0.44687101,0.218253339,1.994450957,1.474738436,0.927294819,0.387789579,1.070365922,54.26387448,0.857627078,0.678128406,2.802543804,8.458298751,10.34314299,4.560161183,7.784554624,10.82778383
AT3G06510,7.237141388,9.112590926,12.35927974,9.962657814,9.894542988,11.15404389,106.6919372,97.22851241,69.97373828,20.33746477,16.99138024,37.48459055,61.53887224,57.4398392,13.19336398,15.67032598,10.91043401,43.67322142,37.55524815,196.5386431,21.13436788,22.81422002,17.90570748,20.81428816,21.30066939
AT3G11670,4.34007823,4.051069961,5.760419779,4.804759476,13.14365594,6.902437501,70.25161415,68.72694313,54.31844808,9.998721659,4.47771949,13.64037795,62.46184885,54.31844808,6.539638009,4.798996375,8.611833053,4.270594638,4.534522646,29.48980658,34.52637787,35.48513038,29.70329233,35.34326653,33.51178383
AT4G00550,13.02581073,8.491216815,8.734370358,12.66666642,21.924812,10.51130506,11.62356271,10.45354604,22.4322397,11.42310516,8.685552241,9.040103724,9.88989508,8.810023283,8.85465719,10.61318889,26.34879519,6.387819856,7.030379079,16.87642462,61.41551052,63.33076767,59.72546867,60.39655754,58.5589009
AT4G31780,7.827423553,9.314739369,17.38331981,7.520344524,92.17715303,6.638422378,64.29146121,80.41196113,309.207008,21.38865631,50.47465971,59.94390655,49.25806291,43.64432453,9.46916433,8.573248436,8.034127537,21.39469732,21.38373522,131.0705267,36.58330797,38.19530976,30.14528331,34.2290763,37.12772083
AT5G20410,2.279798559,5.257288401,2.518177142,2.290372108,1.227983431,2.345258689,5.203571053,10.59717715,12.81949408,2.533329123,0.450340647,4.150889327,6.631768466,4.703524547,2.283263085,1.694314575,15.39876802,4.383511955,4.753503011,7.858273647,852.7053185,848.923717,1040.22242,949.7543672,814.1178353
AT3G10700,7.335637557,14.83725753,14.62051876,9.034799554,7.878594688,7.744004454,11.03653724,12.67678645,16.98566854,15.35684816,10.02110691,8.849698687,12.12845848,8.74135956,7.466903688,9.771460292,8.259500101,20.64201473,18.68242819,8.475285613,26.27400622,26.37055189,23.42263181,22.48369195,23.63372696
AT3G17810,182.5819892,196.7258936,29.03575236,134.3717415,410.8508014,179.5085555,24.27663732,39.45390752,39.75918875,153.4441204,113.7788045,24.60828423,24.56665745,32.1180297,233.5779703,204.3758554,158.9385518,6.893557916,9.14412732,75.32314674,10.22694172,11.31223164,10.10619809,11.44562549,8.851613702
AT5G12200,58.81931482,45.78891149,23.99515201,74.47545857,35.50459423,44.31508613,23.10800204,35.36527158,16.10575408,62.09699882,39.86559864,31.657143,16.88448753,13.66603686,43.10716245,45.08288063,89.66750043,17.34983226,17.96351994,20.38441704,0.891479114,5.90299832,2.954289654,4.071736487,5.454948274
AT5G64370,139.5192394,73.0141185,32.81336321,122.2639682,52.55951234,83.98271861,34.5799311,23.1965957,8.035366783,73.0141185,53.19529855,27.96459052,17.75837943,19.5115916,82.3880915,86.78193204,116.9755603,15.92784579,15.22510755,27.51436761,13.48022109,13.52871544,10.25423181,12.60617322,13.97282915
AT1G60440,23.03253445,23.03253445,13.29433211,18.39987044,18.68242819,15.93091037,16.76857791,15.41582616,20.2503406,13.46288786,11.72245455,12.07221437,13.18562869,10.0255242,11.54907092,11.18441895,18.69194011,13.51665658,17.06284391,19.5403091,28.90154687,28.07369945,28.0855343,27.09345744,28.43769215
AT4G32180,20.31601007,13.68464811,8.742993734,21.64407877,20.21622788,29.8921268,11.18759749,21.19043875,16.44691959,29.14524082,22.8302239,21.78929799,17.85514405,11.86615734,32.86631097,28.60243421,30.30115576,39.53607676,31.11842983,29.50490802,10.81134228,9.504915064,9.788268393,8.56813644,10.56492959
AT3G59970,76.76467525,134.3717415,102.3070697,189.8324739,106.3199034,241.899847,226.6831982,109.7942678,64.03530871,165.9481094,277.182801,139.9762341,273.6574782,214.6456193,444.5349161,385.6248386,212.6318321,41.18902444,36.70856979,79.72338983,56.57503568,54.38440866,53.93953787,48.46101402,52.76609488
AT4G37930,31.01730438,7.161456617,10.69011331,40.48925405,13.17261569,22.21437077,910.9725279,1313.167639,1613.941007,10.97856167,27.73334132,1188.829576,724.7419731,1279.053178,33.09962859,33.1085975,15.90905784,126.1470094,112.6978296,3311.879273,146.1162747,146.5020287,155.0513505,128.298558,151.95334
AT5G13050,19.02978166,29.48980658,25.34272854,16.93595731,12.57324323,15.53927735,19.32657095,21.77586026,14.22527399,14.90961245,16.79845568,16.36039612,16.64570624,23.11396645,14.46302482,16.24941927,14.30307778,21.12529905,26.18054434,27.75694992,13.47040395,14.39505109,6.655647407,11.57099228,13.94909377
AT2G07727,0.00501757,0.006210258,0.286973867,0.770272076,0.1474417,0.038868122,96.33660546,1.050549848,1.925746921,0.384111009,0.027294667,0.221771545,204.3758554,0.634721205,0.096497715,0.080475554,0.089342485,7.983817706,8.357054714,1.092735906,1.063335998,0.012598539,0.059946452,0.271870315,0.040435
AT1G50480,32.64542941,26.34156749,24.5213938,61.60796378,38.61120899,68.51516822,116.803579,147.2802979,97.09779799,172.2295123,83.91487983,142.2943072,88.73600462,77.01754707,59.26853132,68.51516822,91.90529068,17.61890474,16.21416093,72.49963173,17.23685351,17.96803413,18.19555915,16.97490222,18.23249889
AT3G10160,5.295896385,9.717145014,17.24332441,9.439453199,4.127531688,8.637233915,33.17680723,20.01188704,15.59689629,10.87517175,10.63198254,18.38280663,36.29587518,59.38912889,12.74307816,13.87431275,8.437651931,52.70467523,49.05771753,37.8433227,3.925802583,5.87132095,7.609401923,4.06919349,3.583692012
AT3G55630,0.699985442,0.483842176,0.931003024,0.461655498,2.111632675,0.140916535,34.20886879,32.05891374,19.40872943,0.43811163,0.778652301,41.46011481,44.78737633,23.27618785,0.505802326,0.243673648,0.126360888,49.31898557,19.35010957,73.59073078,42.31809359,45.16562504,59.31963154,63.05240563,35.0850662
AT5G05980,26.57726239,29.58841932,37.77990981,40.37708663,15.36793154,33.09962859,18.44784818,21.4834756,17.36112121,60.80689251,25.83988928,15.64740103,29.8921268,11.17024121,33.58288856,33.95876195,38.18319997,26.79830197,14.71519909,22.84052331,8.304255389,5.621981826,4.797897969,6.597324943,8.685552241
AT1G08250,0.00501757,0.006210258,0.007091168,7.866117164,0.002397975,0.038543127,0.006377966,43.7220178,23.90306534,0.029259333,0.002419969,2.907128586,9.531803409,29.62670941,7.631539653,7.979328807,12.14957478,0.001431466,0.001312908,14.07902691,0.012455376,0.85945885,0.513755755,0.209265649,0.040435
AT1G11790,21.68291805,22.39075175,17.44456461,15.76323322,12.46601625,14.6873343,27.66252687,8.183034163,23.71554827,12.94521103,17.84762806,15.48718582,25.05566518,17.29639964,21.8339829,18.22943916,12.26284428,39.80940452,41.47404876,30.68316646,13.0199045,14.05503891,5.247677297,13.83295643,13.48423668
AT2G27820,72.0690576,29.20857787,14.95669939,17.43266515,90.52293236,35.10820733,64.11160694,29.5498487,16.96345993,19.80872857,27.43185323,11.9587242,30.07402287,55.58295388,26.32821055,26.85050232,23.87031516,7.521995371,8.342464912,28.32517993,1.005387055,1.216955691,3.143607949,0.269297749,2.931831544
AT3G07630,14.62136211,26.27766772,53.19529855,20.45427224,11.55249506,20.50990461,24.94841274,11.82744894,11.21828199,19.05781934,22.19048142,19.93203318,35.05729736,7.621319708,21.87015616,22.54928849,19.90470603,23.72596029,30.02966551,25.55227626,1.255215697,2.865520557,5.894418411,5.386490001,3.03543707
AT3G44720,37.30167606,12.36775679,6.285408958,10.94250676,8.895700108,30.10305805,21.84263949,33.8990056,108.043527,3.400788328,88.32746432,22.16433776,14.68554173,45.26088626,22.97868959,20.33387169,16.85408049,27.46728337,43.20019192,24.84593561,0.858948926,1.871734454,7.820559392,0.21093319,0.040435
AT5G22630,99.35005451,25.66788855,9.283151364,61.49303742,45.06388953,117.8514484,19.45580333,13.49079104,23.53595394,16.2108594,280.6698285,11.71635596,6.546422218,11.24631549,90.40301141,73.47427452,88.06124618,9.832602474,14.82891984,5.23094208,8.792045833,6.121724378,7.950286374,4.541526578,6.996245326
AT1G15710,8.939933709,10.48017772,11.02300781,5.60574061,12.15234277,8.157986604,6.905368953,14.09160249,18.95109957,11.90785281,10.37543355,7.324709607,12.19009602,53.02779898,8.718948334,13.29763697,6.996245326,3.984265198,6.134799964,10.60758528,23.79374564,22.84052331,12.59984032,17.40854358,22.56813336
AT5G34930,10.53425541,10.54044899,7.140869529,7.033122594,14.99118704,10.87168407,4.544791151,7.453527922,10.96262848,10.91564844,8.512110908,3.116963067,6.387819856,7.114187079,9.862889041,10.52889266,6.292449711,2.782425067,2.937425881,7.279814453,21.98322558,21.93780058,14.84253791,20.71500915,22.48003462
AT5G14800,47.62177118,203.5328072,458.811677,143.4434588,64.95047394,99.1632097,16.98566854,72.49963173,53.96953295,238.3501207,181.0076268,57.6132368,129.2493184,55.5159312,118.8978643,122.0604488,83.72853743,196.0054643,483.8536173,33.31724506,52.02095825,52.83966877,89.23871048,45.99183589,47.02392077
AT2G22990,0.677263339,0.262627274,0.007091168,13.52383465,1.715789887,12.32176141,554.5503828,294.6597717,147.5989273,3.295209685,0.122391458,173.692878,61.86234797,372.4772817,3.796078414,1.313090985,4.003204486,5.942264617,4.875924092,276.2103659,7.446365103,9.636736886,2.579975597,9.549957996,6.877739098
AT3G21560,32.32633372,20.76801026,4.816816626,0.596529945,0.968266587,9.755974306,3.808036192,22.2799108,82.62843732,2.349283723,26.65777194,7.664731938,69.53947676,74.38405989,26.68084811,73.12445335,25.50813173,2.962860277,6.934344892,73.22454535,0.012455376,0.012598539,1.047688584,0.430877631,0.040435
AT5G09640,0.00501757,0.006210258,0.007091168,0.015360612,0.176541115,0.044411735,0.5306743,0.004310156,0.130036076,0.003760498,0.183274759,0.005858501,0.011848847,0.004595154,0.082113515,0.02486414,0.003641724,0.008569929,0.006580341,0.459333361,0.012455376,0.012598539,0.044217332,0.003702861,0.040435
AT1G53500,9.771460292,21.47043152,6.109849957,27.70684878,30.59688956,31.24500026,15.01441918,37.0711863,22.50758406,8.984505212,14.17192711,17.13887233,81.90496588,34.90458668,46.79811815,54.63890744,26.86359781,18.08209859,13.05351401,15.04454774,171.0191176,181.6281613,164.9576134,180.0005367,189.5252272
AT1G63000,214.6456193,403.6988693,148.1009476,353.9837148,219.3005747,270.4585795,82.3880915,40.5380216,19.86098341,102.4627069,372.4772817,43.09353275,94.98357109,44.69967049,445.7364238,559.5644505,313.385546,20.80549092,20.84225744,36.07297522,228.9914934,232.2461837,245.5238139,224.214195,239.2814628
AT1G78570,91.21193658,236.90389,29.96408211,91.27314414,164.7217732,141.3364849,65.47328136,38.5918501,60.83546233,93.64110722,215.9235988,42.22539876,187.0277811,274.2271824,451.8796405,293.9389882,102.0980256,26.20152377,24.31537664,40.51211556,49.66898747,48.59897652,52.14538765,47.70803415,50.69398042
AT3G14790,4.322195013,23.19255318,13.46669719,16.20295759,18.2949186,25.56872257,24.56665745,10.04435473,8.082519057,40.98334825,20.92364543,7.170737186,20.35230558,29.74891464,30.57900023,30.06841115,16.67180628,4.113531501,4.348268501,14.53446875,84.47026936,86.16274439,74.38405989,80.58915471,96.28122254
AT1G72970,0.475639743,4.04568371,11.16249047,2.990624327,1.209613949,3.305306791,46.09633066,10.1088824,8.605114933,3.60563159,6.121724378,18.57016908,150.1012779,98.67179793,6.302389289,4.81833471,2.671060485,86.56922557,417.0164621,2.203527191,4.831905439,5.07734187,27.70684878,4.562717705,2.659000453
AT3G10570,0.00501757,0.17916506,0.860305073,0.033736744,0.021123966,0.150197946,4.634373155,1.305958082,0.08172846,0.262008728,0.044949948,1.809628992,9.499594338,9.955062916,0.053138857,0.028196002,0.024914675,4.214713686,5.733941715,0.372178639,8.913964942,8.336792897,4.359632193,10.61144244,9.528724887
AT5G20960,21.53459547,18.75806625,16.79845568,37.5744386,41.58930015,80.25754822,1.135422178,1.683306197,0.490255118,52.32872485,53.93953787,1.935698555,2.591045543,2.939462697,64.06774722,56.37352698,70.25161415,0.63910379,0.18701267,6.182369732,0.56679121,1.190210314,0.100958306,0.092508675,3.0620946
AT1G22400,2.15545548,12.84810262,21.57102164,10.65845382,269.3585321,26.30570419,5.338368391,6.052098232,487.3237793,10.30333134,5.396109232,4.534522646,6.338206713,48.05994201,7.714087777,7.124320686,9.068090002,0.349165762,0.624309635,63.96708273,3.717468876,2.966027672,0.513522952,9.828693238,0.040435
AT5G05870,12.18802344,7.240083,5.207772746,6.154870284,2.750727434,6.327245989,19.64047562,17.51926555,11.18759749,2.150023393,2.341781271,8.592368935,11.0746481,16.87350058,4.402591921,4.027095375,6.738684459,1.601109387,1.875197178,8.882659911,0.012455376,0.012598539,0.037923585,0.258164053,2.960162347
AT5G05860,24.01025033,2.289203767,15.32086813,17.4254074,5.766152368,15.84870029,29.06722856,10.14012976,15.49307431,1.505441315,7.347334424,8.802678067,3.673580996,14.07009705,14.24345711,11.68613615,26.49098771,3.376062785,9.530366798,8.851613702,0.012455376,0.012598539,0.220505538,0.003702861,0.040435
AT2G41510,0.125748382,0.173436225,0.638769939,0.451865444,0.036491158,0.130547707,0.284400963,2.409004884,0.028328354,0.493652257,0.517163167,1.092201979,0.076988093,3.496373202,0.305672982,0.469021925,0.548772991,0.686148756,1.086539368,0.143322271,0.012455376,0.012598539,0.075026218,0.090005821,2.565798594
AT4G30530,364.0370585,77.67638867,76.30800074,199.0371594,1986.623308,148.1009476,251.7070241,217.8299901,1687.182511,38.02087888,890.7448109,230.764013,122.7456021,90.23127122,192.7073904,189.8324739,253.4875652,24.78402245,28.95909712,217.8299901,10.1570997,8.467628923,11.12032739,12.31637972,0.040435
AT1G02205,0.250509352,3.601654971,0.292475254,0.743679132,0.82236366,0.605502823,110.2166809,24.15159494,3.68518659,0.411936283,0.272902583,27.08703391,64.69784079,64.46833237,3.624434947,2.434558879,0.643972647,408.2262228,364.0370585,0.262008728,11.15404389,10.38568823,15.49918255,17.64428613,0.040435
AT1G57750,0.00501757,0.006210258,0.007091168,0.002301972,0.002397975,0.003720747,0.207665836,0.004310156,0.003737688,0.003760498,0.016861203,4.369375922,0.01802381,0.134022559,0.055473493,0.002842578,0.003641724,57.12641042,4.204610192,0.005866606,6.456623455,8.631460624,2.368798709,12.28646548,0.040435
AT4G33790,54.7831588,4.402961218,0.750721298,17.14206188,9.819719243,20.27529425,5.55417758,5.146973488,0.003737688,0.607452429,5.367005591,4.584888322,0.253518415,4.334903986,24.97677356,22.87917542,15.77761156,100.3432062,8.273736456,0.005866606,3.911081431,5.039865848,2.076254184,6.116147511,0.040435
AT5G37300,0.00501757,0.006210258,0.007091168,0.002301972,0.002397975,0.003720747,20.84673014,2.248967195,0.003737688,0.003760498,0.002419969,3.499458344,21.76650153,4.330285559,0.00395247,0.002842578,0.003641724,92.42379505,25.55819632,0.005866606,5.106208369,5.28395005,3.154843966,4.613341333,0.040435
AT2G27760,6.65697988,8.320777405,14.62051876,4.850850663,8.322506329,4.797897969,6.133195703,5.206197784,7.007530564,7.601104007,5.493052257,5.032689013,7.380553482,5.207772746,6.543207821,7.03457731,5.401669492,16.19439429,16.71753593,6.389852153,17.81987899,18.45516237,14.01420975,17.50919352,17.97396006
AT1G44170,107.4192686,30.3855371,19.92871498,74.02316394,34.45649986,80.15168246,20.13004694,18.24384934,17.14446762,42.71629777,63.76123883,23.25758371,21.38865631,11.40185689,151.1472959,97.57347311,116.5234813,101.7291731,98.3941704,28.54721495,16.29855323,15.04145334,7.392020804,12.98815147,14.53689657
AT1G67110,3.309490873,0.394377634,0.343564816,5.161714903,0.167512683,2.743997058,0.209265649,0.180498337,0.003737688,1.638994157,25.96169421,0.443046946,0.001915474,0.807546481,4.828652804,14.84735049,12.47541999,0.036040133,0.065136587,0.005866606,0.012455376,0.012598539,0.006597551,0.003702861,0.040435
AT1G68460,0.285337399,0.717811401,1.663528671,0.167273113,0.032486956,0.121507721,0.359849452,0.094162891,0.060605618,0.799406633,0.053267807,0.028433123,0.072961771,1.019922802,0.188379591,0.148980846,0.169913152,1.18093772,2.470277718,0.005866606,0.012455376,0.012598539,0.852485171,0.0537436,0.040435
AT3G19160,0.00501757,0.006210258,0.007091168,0.002301972,0.002397975,0.003720747,0.006377966,0.004310156,0.199119542,0.003760498,0.002419969,0.072863312,0.001915474,0.004595154,0.00395247,0.021358094,0.003641724,0.048681339,0.003823226,0.467172886,0.012455376,0.012598539,0.002046042,0.003702861,0.040435
AT3G23630,5.429180569,0.671979842,0.007091168,0.26432756,1.487803189,2.486724737,0.006377966,3.302928119,0.003737688,0.453403139,2.675816974,0.079114189,0.038058339,0.004595154,1.559252761,2.586885436,1.071013101,0.016430077,0.002796324,0.005866606,1.31199496,0.012598539,0.083157494,0.237622775,0.040435
AT3G63110,1.743015845,0.297171008,0.007091168,0.889422994,0.026438669,1.690812226,17.09735469,43.54013248,1.140385044,0.527890101,17.77720803,5.973878987,4.086720343,23.83965556,1.831102664,9.874599524,5.587924017,0.147190759,0.004248669,0.183274759,0.012455376,0.012598539,0.006831633,0.003702861,0.040435
AT4G24650,0.00501757,0.006210258,0.007091168,0.002301972,0.002397975,0.003720747,0.006377966,0.004310156,0.003737688,0.003760498,0.002419969,0.203596866,0.001915474,0.004595154,0.00395247,0.002842578,0.003641724,0.004576795,0.008280938,0.005866606,2.09927614,0.012598539,0.002046042,0.163919684,0.040435
AT5G19040,20.03718031,3.866106027,0.635090991,5.781731836,10.21961536,9.757651661,0.912614929,0.541988088,3.028252363,6.239966373,16.04974537,0.288778563,0.042998068,0.265232306,4.989443231,17.09735469,10.57332506,0.541387321,0.158821667,0.28907091,0.012455376,0.012598539,0.006562059,0.178904652,0.040435
AT5G38450,3.89220688,0.66900287,0.007091168,0.692355393,1.616631366,1.33817962,0.006377966,0.004310156,0.809871004,0.794653413,3.43630417,0.01878048,0.03930035,0.004595154,2.106246216,2.770457325,1.624970787,0.047719978,0.004284033,0.833443013,17.52268972,17.09735469,3.678785008,13.72240184,17.85915135
AT1G07420,33.57516648,61.44055838,36.34552399,31.70171452,33.92383457,45.83244886,9.241717574,6.443124589,4.182230305,34.98167573,36.44520105,35.1699754,8.47384738,11.57503253,32.05891374,35.44981906,31.02738842,103.4057806,90.29046568,36.97175771,35.8479333,33.79795347,29.47618458,34.55833755,30.10981417
AT1G11680,37.5744386,103.0706989,121.8223107,83.82093866,40.86015873,109.0890201,52.98899953,52.43663768,31.71877684,146.3867979,114.1526744,40.40555722,34.42697493,65.72932367,115.2453701,119.9732837,86.33064757,29.26831001,37.99084347,42.72898608,24.3332755,22.86850868,28.06585001,18.91226327,20.64764914
AT1G20050,105.9374898,274.605722,189.8324739,168.6905703,91.11112198,139.7884915,60.56163975,50.2286488,26.09396145,108.3869852,120.4451131,63.35576923,46.71170544,18.24755318,103.2200466,117.509262,114.7288066,41.81555303,46.83337456,20.94035033,4.675029716,10.20075282,16.07225581,8.905835213,9.002330786
AT1G20330,31.07505658,118.8978643,145.9709033,41.07034863,49.23956325,114.0579421,164.9576134,182.753374,72.96307391,61.8100743,95.04451571,54.22573373,53.03902824,206.6975217,111.5661245,120.4451131,67.01787696,103.4958554,114.0579421,72.93165553,5.031589618,6.129517562,9.774956278,7.740925984,0.040435
AT1G50430,48.09577786,211.1462007,151.1472959,116.9755603,74.97890368,119.8822372,59.12891911,32.94558722,24.77962481,125.432827,87.48800767,64.69784079,48.16017128,44.03895349,114.231698,101.3767166,86.66643526,46.32531385,51.01994389,46.79811815,11.47449342,10.45354604,13.19583673,7.33360106,9.898405893
AT1G76090,34.55086807,202.952116,59.29642317,77.3829861,69.64136759,234.0224202,47.27859472,18.25362566,12.11281555,104.5001959,60.69774337,10.9724797,11.73747865,39.51947641,146.2156266,135.6078225,125.6178998,5.079798067,10.19569621,16.00655546,1.029189827,3.598870739,2.182971017,2.750727434,0.040435
AT2G34490,0.374320663,0.006210258,0.007091168,9.259096484,0.002397975,4.196602156,5.556388745,9.041329694,0.105913142,0.308083901,10.73261787,4.573475238,3.127839462,33.47757,3.617309165,4.66976845,2.460973552,3.411288204,6.227418341,0.476802038,0.012455376,0.012598539,0.156846652,1.594137811,0.040435
AT2G34500,63.48514546,5.848184233,0.547623421,33.45950405,55.88211649,60.5877037,0.300291957,0.260355612,39.04598231,14.80650846,7.994437038,0.123601703,0.118880533,0.312485209,26.66219384,8.577962894,33.1232213,1.35021292,1.504081451,1.812340292,0.012455376,0.012598539,0.006283605,0.003702861,14.29257677
AT3G02580,50.80699983,98.45775909,41.44568256,47.00633296,34.53723018,59.17829892,27.77613424,14.3909821,11.7859482,39.2261305,46.68559997,13.7979772,25.34859619,38.50973285,44.53895271,51.26696616,53.98908165,16.16520994,22.16817367,26.97061599,15.22510755,15.21748218,9.822797049,16.11708703,18.35795678
AT3G19820,39.32149248,243.09694,261.9469605,363.103345,153.4441204,397.5403372,119.0167736,115.0104916,52.06316419,709.5356978,300.5151387,132.5044111,174.7914937,163.6460133,526.183029,445.7364238,264.0447389,448.4850805,347.2876469,27.61490894,4.270594638,6.679464594,23.29854426,7.320110159,2.486724737
AT3G52940,10.97856167,59.79718733,53.01656972,29.36673244,14.07620693,32.06784809,21.77122917,10.12201845,8.230519684,15.46866597,25.61177514,10.91379485,17.65508915,7.295380847,28.29816119,28.3380451,18.56025751,16.04715513,17.98336069,10.85459961,0.012455376,0.012598539,4.422356273,0.262910092,0.040435
AT5G13710,60.00699459,187.0277811,141.18848,118.2932256,85.04725535,138.4318466,59.57948195,71.77813442,32.18674739,277.182801,115.4232165,87.83374124,34.83470399,81.04229168,140.2555284,152.1435476,150.657523,124.4653906,47.49787908,41.24922958,17.33027747,17.31484248,17.28383966,16.56932493,15.55597788
AT5G50375,9.203900607,60.56163975,62.2612102,30.71348406,13.10809078,35.66597479,12.15895509,3.489416247,1.838770574,23.23158037,29.67988919,13.94909377,8.263881916,3.865056278,28.71615454,29.79130654,19.53593148,45.85765233,38.03319148,3.823786777,0.012455376,0.012598539,3.582585937,0.564603715,0.040435
AT1G73680,16.56587431,3.063010057,0.305520949,7.81779341,6.920233882,4.610376311,10.69631536,30.25199747,8.800895983,5.214914271,1.998188668,9.05997584,6.990515747,8.828386212,8.273736456,6.933099136,7.279814453,2.982533305,3.002551482,11.21380825,1.55646547,1.635926019,0.272474028,2.578374704,0.040435
AT3G01420,166.5672627,1.709416972,0.922440355,377.8195926,2.898590324,1490.777314,0.398942584,0.161280712,0.208887687,85.89495385,153.0214068,0.456801597,0.004983081,0.214482334,1139.403325,267.185368,1458.759236,0.003869622,0.006589511,0.142323356,4.766480498,9.817769306,0.092200327,6.848754587,7.11581675
AT1G07890,1476.086262,982.6827007,522.6225646,1646.04366,967.3412289,1913.760139,349.5943137,323.6218899,536.917986,822.4598939,2527.383686,517.6475857,453.188506,538.899226,2443.90401,2985.474648,2482.094461,670.7445733,612.3330969,897.3812076,27.06762832,25.68409247,73.0141185,38.71028845,19.81367225
AT1G19570,137.5013581,16.80640921,4.258345552,287.8283329,24.5213938,130.2850989,193.8400367,172.8242498,49.21155608,78.48566702,2205.196792,493.8970465,706.3735322,163.0739613,167.9333546,413.5520311,255.4975069,473.1389891,299.8373058,151.95334,18.64654347,23.06370713,36.28530873,26.49098771,0.040435
AT1G75270,144.8558341,114.9043424,132.8557382,92.00202469,145.5455972,125.0453564,12.24692731,21.69742588,51.47074344,40.66511371,54.17633868,19.35010957,24.16252063,5.110920386,167.7113973,133.887259,153.606831,14.6740039,16.25473303,192.9628306,72.2734318,68.90891087,74.66959369,69.93369832,68.72694313
AT5G16710,22.66907194,21.13436788,45.68196034,18.19555915,7.754749316,13.02581073,64.7650071,181.0076268,189.2649183,17.26114458,19.44420721,170.8015361,111.6615449,241.899847,14.61204299,14.90447735,19.02773767,25.3550116,30.54739394,381.6552656,3.715299815,1.583414463,10.57962379,6.939197677,0.040435
AT1G78660,135.4663574,68.14180922,95.63177163,391.4644338,329.2211738,180.6137824,21.95453883,18.07855003,16.03506448,254.3452296,186.0320282,31.14749536,17.20036244,19.79299656,87.48800767,83.51770003,150.4875233,26.59531026,26.82282913,17.77393142,26.88310112,27.34797926,22.31878801,33.88769202,23.37367982
AT1G78680,158.045395,74.5541438,17.92960709,116.5234813,74.51312728,76.0705009,171.0191176,63.92243974,30.25199747,87.13716537,44.86127976,91.11112198,76.02708256,45.65012125,60.28169167,70.21576733,86.83207965,281.4823661,236.90389,108.489364,13.04623569,13.20562424,9.854448526,11.70451492,10.9662419
AT3G48170,55.19342759,68.69036787,66.26679302,64.97561661,55.6907279,67.20292191,30.77735168,39.89943856,31.97431932,143.5974099,77.87840563,42.71629777,46.06601109,13.10809078,86.5031488,85.61979206,86.89475302,28.42944809,23.78891943,46.7876383,23.77201595,24.24029817,24.91334448,26.44140541,23.95593573
AT4G14940,10.42374556,5.904554176,2.260707942,6.045493089,21.70328079,13.22870886,0.530986453,0.823923849,1.329077683,2.267157773,5.021704176,0.614283918,0.964947655,6.69599794,5.950547078,10.29830417,11.63466921,0.570392653,0.248272897,1.802472031,0.012455376,0.012598539,0.022471638,0.348898697,0.040435
AT5G42800,0.00501757,0.006210258,0.007091168,0.002301972,0.002397975,0.003720747,0.006377966,0.643703373,0.046280955,0.003760498,0.173112205,9.290553153,311.7603134,54.07525351,3.076859548,0.033327734,0.003641724,1.312518303,2.555352672,3.863813191,1.363352115,1.418356763,0.002046042,0.327539944,0.040435
AT1G43620,7.278495241,7.776923678,6.086652285,9.776528577,9.546388712,5.963661356,16.04974537,6.628587287,6.729877602,6.105830079,5.204830445,19.77144969,9.340210533,5.206197784,8.105930766,7.275511755,6.983968433,7.375897651,8.700022444,21.38373522,26.85694274,27.36182671,18.92415213,24.13928861,28.79267756
AT3G07020,9.597284564,18.46231376,15.01441918,20.15540574,37.25156694,22.271067,8.917937661,19.11145429,21.13907822,28.56080619,19.46490247,13.47305157,10.02110691,11.14405317,19.97240215,18.20399265,20.27972756,18.87834542,19.41246801,19.08703446,95.21226705,96.67447466,90.5879261,115.7997497,121.4037099
AT2G23560,42.40294137,10.56492959,4.647083591,10.38063277,9.649340021,13.56389506,2.663026466,4.031506584,3.296105849,4.51388925,19.07766148,2.759216306,0.493256671,9.332693769,9.660717387,8.898422729,10.46061335,3.379621858,3.142447084,0.215318016,0.012455376,0.012598539,0.002046042,0.080859829,0.040435
AT2G23580,0.00501757,0.006210258,0.007091168,0.011613663,0.002397975,0.003720747,0.006377966,0.063601372,0.05504889,0.003760498,0.002419969,0.052969363,0.006999248,0.004595154,0.00395247,0.018893881,0.003641724,0.003942927,0.003678668,0.452302184,0.012455376,0.012598539,0.002046042,0.003702861,0.040435
AT2G23600,15.09397574,3.58516595,0.547986567,12.524725,5.581094822,8.466447887,235.3225305,226.3845761,117.509262,9.713553895,24.87346405,86.11391445,13.36902034,120.5749436,6.789921741,11.89852851,18.35795678,10.66248662,2.302033346,178.8304334,3.78145617,2.771480638,0.578277473,5.814990841,0.040435
AT2G23620,264.9337932,12.43579861,2.253709409,105.5863439,23.57808018,21.66403689,0.293059735,0.324859887,0.003737688,16.3932353,26.32372069,0.326303412,0.062540322,5.665637008,16.71442689,11.4646486,26.74019297,0.109647438,0.017289109,0.625754058,1.642979917,2.078886127,0.382041642,1.221112032,3.712194534
AT4G37150,17.92272903,0.601823767,1.182766861,19.65266036,1.13360326,21.34742115,5.410934231,1.888403496,0.798381934,4.173074405,7.847941045,0.664054713,0.381315264,1.288764086,13.82933916,19.66816047,10.53623921,0.243283244,1.520989225,28.47503534,6.778062855,3.276679401,2.565798594,4.693588447,8.713712596
AT3G02875,22.23818348,24.56665745,19.33817988,10.59717715,114.231698,15.72156167,4.402121846,6.226288489,62.07256931,25.07136466,22.66254254,4.626166193,4.671029057,3.181397988,9.405415755,7.147422665,8.808594165,5.712204385,4.954766051,9.792596651,6.084800638,2.550445004,4.672621529,0.593903052,0.040435
AT5G56660,48.17558786,26.82282913,16.30642124,34.73256974,17.18244338,29.31751181,9.010013346,16.39938708,9.572197867,36.38480802,20.29930833,16.53674092,6.589013337,6.216181058,23.61024052,23.72596029,39.78750692,13.97047558,14.5075999,15.61153765,1.028040692,2.526741232,1.645500754,1.106634965,0.040435
AT1G12550,21.73994881,1.556919817,0.007091168,4.713168377,6.17885244,3.055373858,6.863067842,8.048498077,7.512141469,2.388973641,4.925631221,4.322195013,2.704980344,10.35373388,4.029580002,3.345314518,5.365725271,5.21915315,4.871506296,11.04790832,20.51391058,19.18330705,21.6490519,20.74744508,23.95030143
AT1G68010,0.291128566,0.289267362,0.661739774,2.165762237,1.073288165,0.416531114,740.8905208,1103.778886,882.6926618,0.758212077,1.658975339,257.413959,306.4104177,931.3440536,4.722430287,1.561811752,0.342546479,26.22422113,17.7553312,2046.31168,3.380050042,7.43537396,9.098987087,12.03768949,4.176118117
AT1G80380,15.89328585,7.672601108,8.38071805,70.97819428,156.3526063,63.46434331,146.2156266,134.7667575,178.8304334,255.4975069,86.66643526,72.78606669,47.62177118,345.6418012,19.65266036,16.11428697,80.20038419,12.61159389,15.6084862,403.6988693,22.3824967,20.82973228,21.92990982,21.33528731,22.41438624
AT5G36700,0.00501757,0.006210258,0.007091168,0.153272029,0.002397975,0.003720747,8.628289182,572.6322331,470.3189226,0.003760498,0.002419969,0.001431466,149.8243038,4.137655403,0.00395247,0.002842578,0.003641724,23.87472251,23.35169111,3.378575981,0.012455376,0.012598539,0.002046042,0.003702861,0.040435
ATCG00490,0.766441532,2.608421827,1.621773225,2.495874797,0.535742973,0.251119194,22399.84709,27.72895607,71.67367115,3.527367702,0.155968362,188.0834488,22399.84709,29.79130654,0.320905755,0.892157029,0.618887327,33.47757,36.66848059,48.17558786,29.46094464,34.02268418,67.96236954,47.00633296,0.040435
AT2G41530,36.59541945,61.2876736,92.27585477,48.12454603,17.20960903,46.09633066,87.10247568,105.9374898,54.50974481,101.32173,79.93062502,87.19358843,77.06163742,110.8110297,53.7657776,90.91788738,66.44871706,169.5722107,141.0718775,111.2813342,18.91934084,19.76047467,23.20203731,23.13475671,20.35670178
AT5G43940,176.7680054,172.2295123,150.3355453,179.7269152,133.6339299,218.1329677,214.9178866,196.0054643,93.99484269,341.6874402,234.9699109,251.7070241,176.3845684,169.41934,215.2933278,199.0371594,210.1304178,274.2271824,255.4975069,274.605722,12.94521103,11.32400381,23.0468447,14.2832195,10.36718984
AT2G31750,0.00501757,0.006210258,0.007091168,10.23678478,36.79023367,82.28507353,0.006377966,73.39536703,36.53200285,0.003760498,0.002419969,9.264192275,29.52455554,98.00157347,120.2388034,86.11391445,48.82581765,0.001431466,0.001312908,132.1222839,4.248864699,0.012598539,0.219565117,0.974541833,0.040435
AT3G11945,13.35935866,26.15900319,28.65327358,13.48423668,12.18802344,14.07366039,84.09321769,36.52275843,52.04302983,19.98274639,13.50583796,33.73652663,41.18902444,93.87218711,12.68668297,12.59047317,10.0255242,22.54438425,26.59531026,88.53369051,4.860895704,1.094278284,6.382059034,3.070093949,0.040435
AT1G06570,36.95902821,14.51435241,13.23617339,13.49273879,46.16326641,37.42669879,79.51913753,196.7258936,100.2279978,112.3775813,8.309328608,13.7364552,17.92837061,79.51913753,15.51359504,13.28730892,15.23784144,4.184084479,3.660526656,334.6035184,5.334981338,4.046765549,2.172790134,7.246037829,0.040435
AT2G18950,2.241356102,2.884838337,8.896780752,6.528985121,2.485061307,5.204830445,11.30772858,7.727567836,4.785733626,3.051381807,3.494817152,24.56665745,49.44883513,6.460172935,3.84761239,3.993615347,4.055594549,27.56572578,26.21668532,21.26544761,5.186282489,5.498457614,2.845923483,2.527556447,0.040435
AT4G03050,0.00501757,0.006210258,0.007091168,0.002301972,0.002397975,0.003720747,0.006377966,0.004310156,0.003737688,0.003760498,0.048955905,0.185115475,0.005209504,0.004595154,0.00395247,0.016466627,0.003641724,6.69599794,1.8176467,0.005866606,0.012455376,0.012598539,0.002046042,0.050775218,0.040435
AT3G19710,0.256250871,0.006210258,0.007091168,0.244535008,0.028988923,0.003720747,144.5712003,159.1401786,4.390756725,0.276865918,411.9708176,165.9481094,6.27588152,105.4970102,3.407372928,134.3717415,45.40567602,0.135590896,0.048065317,5.93784973,0.012455376,0.012598539,0.002046042,0.003702861,0.040435
AT1G61810,3.664819916,0.182334392,0.007091168,3.258443378,0.547986567,2.976267795,0.32304505,1.386409276,3.127839462,0.395617555,3.569373362,0.953868953,0.035307946,0.912253174,4.454996564,3.609747256,1.266029455,12.99405071,2.984103074,1.144655601,1.890398003,0.012598539,0.00650838,0.003702861,0.040435
AT5G26310,30.58771134,2.131499737,0.637445514,10.18795167,4.630732982,16.1462935,0.006377966,0.004310156,0.003737688,4.386289083,6.093284361,0.040029308,0.018893881,0.08413162,16.63919132,14.36340472,41.05455399,0.001431466,0.006493618,0.005866606,0.012455376,0.012598539,0.002046042,0.59744896,0.040435
AT5G66690,137.0303629,75.32314674,45.38357237,48.21088445,74.12015569,92.47953722,0.006377966,0.158531195,0.003737688,26.79125104,85.8365118,0.201275493,0.088066793,0.004595154,110.4184818,116.8765858,212.402054,0.088474815,0.565250622,0.005866606,9.439453199,8.957560003,1.630772975,9.46916433,10.61506436
AT5G23190,9.098987087,0.006210258,0.007091168,19.36841147,0.002397975,34.49601707,0.006377966,1.505441315,0.02788512,0.730267591,12.60178834,0.07814127,0.006965822,0.561309916,62.2294346,33.2514113,41.40400329,0.066888932,0.00273997,0.005866606,0.012455376,0.012598539,0.011106792,0.003702861,0.040435
AT3G61130,16.04974537,47.07004138,28.19373886,43.15437004,28.22167414,44.46482379,93.0132963,32.8070748,24.39799974,37.22412465,47.90829445,27.40771414,63.79711358,85.74937371,58.33992268,63.96708273,36.14234205,18.06365924,16.89388603,33.17680723,49.88211576,48.90875839,43.02538456,48.16017128,50.88652401
AT2G24270,0.094419373,0.006210258,0.007091168,1.772529341,0.148037748,2.302882616,328.4297508,374.2630665,211.5201183,1.69322266,0.903661066,95.15980234,194.7419295,302.3738293,3.776955658,0.497163554,0.245231565,21.72147697,14.20957366,339.285028,6.409190571,9.184790333,9.249595718,9.105134361,0.040435
AT1G02400,59.930492,7.441747737,1.123274165,16.4589183,56.20922435,12.15430291,1.944398699,4.07050777,644.0421798,6.841359516,68.17372275,14.54948631,8.671769268,0.419828245,33.82327643,13.17450439,30.66610047,0.338927358,0.509921097,48.59897652,8.938523699,5.398857974,3.652019705,11.65250991,4.521254133
AT1G30040,4.999759895,2.789398141,2.419023084,0.548381505,10.75400448,0.996223322,0.449235089,1.042382716,8.188380811,0.464417594,5.22248036,5.207772746,0.606526838,2.666502936,1.056348455,0.741906861,0.852485171,4.012209771,4.238611921,2.544438922,1.889108798,1.767590861,2.5409274,7.141717295,0.040435
AT1G47990,2.37377622,0.386387599,0.007091168,0.093605477,0.03524531,0.137941543,0.006377966,0.004310156,0.003737688,0.045692134,0.371952996,0.211523982,0.006695578,0.074020111,0.254752797,0.166230439,0.211856821,1.407397056,3.760973188,0.005866606,6.242676163,6.260954487,7.203925046,7.295380847,10.1366408
AT1G50960,0.00501757,0.006210258,0.007091168,0.002301972,0.002397975,0.003720747,0.006377966,0.004310156,0.003737688,0.003760498,0.090596073,0.088893005,0.142944749,0.004595154,0.048583682,0.0330322,0.003641724,0.001431466,0.003547719,0.005866606,0.012455376,0.012598539,0.010298626,0.003702861,0.040435
AT1G78440,1.091593457,0.969217748,0.007091168,0.502503799,0.274231484,0.813048672,3.838145522,0.732676916,0.048583682,0.003760498,0.530081806,3.257663085,0.016636144,1.998963448,0.354596605,1.783535433,2.096448663,0.846716434,1.272092928,3.171752607,0.012455376,0.012598539,0.02982619,0.396183685,0.040435
AT2G34555,0.00501757,0.006210258,0.007091168,0.022444663,0.002397975,0.051027444,0.006377966,0.087881427,0.032423226,0.003760498,0.025150051,0.022136015,0.001915474,0.004595154,0.00395247,0.098491575,0.044848615,0.028264431,0.028770541,0.20581201,0.012455376,0.012598539,0.766441532,0.003702861,0.040435
AT4G21200,12.80763807,5.335983304,1.945611026,2.334872198,3.687264368,0.574736708,0.006377966,0.237925211,0.059219384,0.23350736,0.765325622,0.239993885,2.539872594,0.198785124,0.680701178,0.228994798,0.947150845,2.207432948,5.324114147,0.212154538,0.012455376,0.012598539,0.009284202,0.003702861,0.040435
AT2G28800,17.41616533,16.66593024,15.8101438,57.56811253,14.33336122,33.01173816,492.1522289,478.5769031,333.7196487,72.70843132,20.54600607,274.605722,274.605722,314.7840065,25.52286592,29.89965771,33.95876195,20.32973284,19.84309145,585.8028099,19.9918619,19.5892203,15.07406654,16.08388271,16.02242143
AT1G08380,49.29323347,1.261072345,2.823884268,23.21733339,4.401651772,11.64812618,1524.604572,1969.337515,1843.513425,6.214469623,10.60561275,3181.836871,1132.44037,841.256319,26.96497034,10.13843201,2.835658002,317.9386177,220.6161824,3912.601645,9.696357708,13.11928514,35.23029526,26.28132922,4.342607339
AT4G39350,48.10943962,17.55644536,7.329599365,35.53158554,27.61490894,52.78617207,99.87590096,33.68846357,45.99183589,21.17238865,62.04456987,42.84368414,36.57350528,30.56155117,82.06786651,64.32287312,55.14551012,45.49327914,14.61700905,43.56606476,28.17812472,27.20320885,28.70202637,30.98434244,28.73391364
AT4G32410,72.3815746,90.23127122,31.20724079,113.134055,109.7942678,145.9709033,132.2404319,171.2887576,85.32131831,205.2791755,209.158966,93.2782797,85.70738748,159.1401786,292.639999,288.3942668,169.2025488,67.45485133,44.19378285,97.95448859,22.31878801,22.79381524,26.49724065,19.33817988,21.31907402
AT5G05170,72.67434976,92.42379505,32.22533308,144.3330481,81.17811789,198.7319455,280.2092799,142.420218,63.66655645,215.2933278,201.5563544,122.612167,154.1245613,114.7288066,320.6594528,281.4823661,202.952116,59.48148349,32.17905295,69.16156218,19.00937769,19.34610083,17.31713203,17.85514405,20.86144769
AT5G64740,39.90805573,67.01787696,19.73296772,63.79711358,131.3001721,103.2200466,136.3589797,116.4122012,93.55999011,102.3692463,122.7456021,70.5590835,76.48151231,84.84786246,152.2930957,147.4689901,101.6578906,67.52802634,35.32255893,45.81729803,19.89647229,19.91259138,22.92401834,17.82281522,21.69742588
AT5G44030,12.92733973,3.048622113,1.609165272,17.52268972,13.63165452,32.65434338,5.464377486,4.058122286,0.086912847,12.56285685,10.47406982,1.896545921,6.872608575,10.25856559,7.727567836,19.93203318,22.21437077,4.83095885,5.331495498,0.937754474,0.585608264,0.6205085,0.016107244,0.003702861,0.040435
AT5G17420,14.14310547,3.228286771,1.684026822,13.51260945,13.19336398,26.19362455,1.515988381,3.183358223,0.048550184,11.33378121,8.429208218,1.466274248,4.389639647,4.482190312,6.047971389,17.23685351,13.87704236,1.707137581,1.720505133,0.503946599,10.47593096,8.703256007,12.72830679,6.522229925,11.06433983
AT4G18780,9.412154932,1.765017617,0.355970089,10.9682831,8.861272822,19.10135508,3.684315726,2.873558055,0.900819107,7.878594688,6.073283637,1.538465641,5.28644434,5.105055722,4.243310301,14.17641557,12.49387179,2.748055523,0.246202878,0.376035381,4.812578539,3.052500782,0.176541115,2.60935755,7.163109939
AT2G23610,22.41956081,8.573248436,6.366112022,29.41736917,10.33092796,16.46167843,48.82581765,51.28223536,27.20875992,5.416096259,45.35074481,30.76243074,8.341213694,89.52146994,14.07620693,28.19373886,16.71753593,15.22271767,3.09385923,32.24288488,2.432084093,0.012598539,0.185115475,2.2566402,0.040435
AT4G16690,0.640468627,0.337136999,0.007091168,0.376318161,0.012856267,0.428981137,7.943468905,46.2774451,40.28360563,0.089770464,0.067124595,4.378168318,3.72321449,42.76245997,0.494544958,0.353411751,0.11104939,18.59209297,18.68936297,142.6961179,2.719076688,1.497712254,1.733692181,6.164520582,0.040435
AT5G58310,0.670684288,0.831079372,1.257794864,0.072696147,3.658264976,0.107765422,8.14871192,39.91734572,71.14662226,0.189980426,0.432980998,8.475285613,1.440474522,28.83038236,0.00395247,0.054172488,0.050775218,0.339855281,0.218823258,46.53068681,0.012455376,0.012598539,0.91369676,1.606509357,0.040435
AT1G10700,25.29310983,25.92878043,17.21346285,20.5993595,46.89087609,17.85915135,21.54689771,11.58055587,15.20862809,22.20008453,35.14706704,19.2760431,12.1051677,11.27873481,16.42324405,17.08098451,18.80780157,9.808832974,12.01676241,10.1366408,50.61677397,46.19208039,49.33587796,35.38373367,38.56815149
AT1G32380,3.371184619,9.449055326,23.29248996,6.148563485,6.077088186,9.732403242,9.405415755,5.234917208,6.869305426,14.48727605,9.502979105,5.173797396,13.37218207,5.53612101,10.2780399,11.05201255,6.008884952,12.69645009,15.17143498,13.19583673,98.45775909,95.76086911,78.63717222,89.85433002,99.76468317
AT2G35390,11.47232058,6.828171891,15.59257122,4.948585619,15.8707848,10.75860562,25.62008391,35.76911251,45.87287833,17.0224566,8.441091334,27.1423083,28.89260837,46.83337456,10.01469645,8.737023416,4.819304595,15.13199546,17.00741951,119.8822372,7.520344524,7.846321394,9.376145615,7.553489877,9.356819312
AT2G42910,32.24288488,52.28409837,111.5661245,52.00236108,23.26748112,55.22585042,35.87986729,25.14477174,13.31877459,86.5031488,79.10632033,32.2809967,39.17165302,57.29435972,58.94639453,70.04479618,45.57005587,30.93356819,37.37292792,37.23191737,13.67301822,13.12936207,16.95933726,13.05351401,14.4819311
AT2G20860,31.51322648,30.33078717,32.09999167,32.41039835,33.16636635,30.93356819,96.46021412,109.9532341,116.3006903,87.04600623,41.43348895,63.02662379,78.34562942,90.29046568,35.58093014,37.72070965,23.75015485,18.03085782,21.42106001,194.4569263,214.9178866,217.1692007,212.402054,224.5838399,202.952116
AT2G43360,21.64407877,55.70787314,99.35005451,31.657143,11.41836124,46.5710267,45.12384136,11.23757347,10.47843502,27.00814934,52.31038806,23.74702937,64.7650071,41.7245343,65.22923862,68.65516814,31.99088113,89.61666523,115.9140157,17.74794571,0.012455376,2.438047331,9.150677117,3.52559383,3.236295316
AT5G57590,3.199452496,5.886461713,13.15528787,3.085853244,2.920928117,6.461829421,1.050122084,2.258267058,0.09910202,12.46996324,6.560577266,3.008068539,2.684141202,8.905080606,8.421072617,7.548429263,3.9390605,9.828693238,11.43553629,1.500453322,1.294868422,1.380528543,1.857510855,0.201164356,0.040435
AT5G35360,33.11611171,127.8000822,170.5851465,227.3897936,50.19145357,149.012372,99.00914068,83.91487983,74.89437551,203.1994765,146.8414682,86.01539278,139.5192394,122.2639682,268.3642641,209.4433364,115.3447588,34.08284108,48.31776533,71.99900078,21.18192722,20.98655082,23.76677234,18.47795445,20.8801855
AT4G24040,0.554969188,5.096181152,2.188525491,0.51911469,9.112590926,0.669740983,4.066104274,3.697521669,4.356931051,0.835470324,2.367949171,2.829733608,1.512693914,2.005384787,0.97848306,0.577482784,0.601485956,2.369964699,2.736162625,6.204390943,18.13219649,18.17186646,9.025245739,17.65043193,16.17194271
AT5G62530,17.22364876,24.12037125,32.68890853,34.61261705,34.24611791,30.76243074,21.93341657,23.90810539,17.47566376,36.76183501,41.82569217,23.1965957,44.29928322,17.85915135,71.64281036,84.89195277,28.44803857,15.021478,11.80925175,43.54013248,18.01773366,17.64705718,22.36470091,16.63350589,19.78514146
AT1G54130,13.04161632,13.74010826,7.214120677,21.48977837,17.85135204,18.92415213,76.11289771,37.48459055,191.5647198,22.0571972,11.82159975,44.90412237,35.01436524,21.94360729,15.73252995,12.68303468,21.82845523,18.07855003,14.60412877,82.72992107,40.94794465,41.91667199,48.07679592,40.86015873,41.31652497
AT3G17470,3.662418809,7.094622417,5.365725271,4.369375922,2.977453186,4.729836138,28.0855343,27.23223899,31.08313487,7.892451372,3.768131684,13.16834431,8.156530622,22.32848092,3.832116478,3.206478741,3.724453832,8.790489202,11.39363179,42.51368778,17.2064764,16.5760746,12.97091001,18.26240327,17.12132489
AT5G19530,6.031540544,9.83620742,18.42929933,71.77813442,8.634285696,43.9716243,25.92878043,16.19439429,0.406326911,39.40680698,40.25667044,22.91235289,13.28518474,25.29564498,19.67593918,34.29376421,74.12015569,95.89572265,4.411347269,1.01814296,1.068995234,0.012598539,0.335218689,0.56679121,0.040435
AT5G53120,83.94879922,24.35150893,32.05891374,38.82987333,44.63251818,42.06843393,44.29928322,33.57516648,21.13001999,28.94297386,45.62782498,24.54966361,20.27529425,25.90044877,43.20019192,50.47465971,42.74573804,61.60796378,38.19530976,50.47465971,19.30863074,21.15249307,21.60892794,23.62109694,19.06509662
AT2G46110,0.977026754,3.68572439,9.582516531,1.402620497,0.186525678,1.296640924,7.414317228,6.268797794,6.803363431,3.957185168,2.518177142,5.087423271,7.60230808,12.19445972,1.8176467,2.244456452,1.414635429,4.142484706,5.610164082,6.905368953,1.251006129,0.012598539,1.448987787,0.765907667,0.040435
AT3G61530,5.728058492,5.719235797,12.71880927,6.957972223,3.504269736,4.703524547,8.919511612,8.827199152,7.498014029,10.43887214,5.774387122,5.963661356,6.299213286,5.45748532,3.775928135,4.961539586,8.390478387,5.371212839,7.882732305,5.42020314,2.419862514,3.669656148,2.956689757,2.456847829,2.969921256
AT5G48840,5.432390028,4.390756725,8.092591672,5.999403444,2.316203631,5.30613363,19.08028394,17.46524158,12.14011208,3.690643589,4.83095885,8.523444332,12.33221361,25.63082341,4.290862993,6.634776239,5.022928926,7.681589859,8.654359546,17.60413791,7.258108533,4.622883289,3.279100146,2.288097921,4.369375922
AT3G61440,126.6097557,135.0537785,95.09530113,231.1483994,64.80455526,160.447625,81.63255286,559.5644505,339.285028,374.2630665,270.9187901,239.2814628,307.9561677,752.4736173,245.9402265,343.8779911,300.5151387,106.618156,78.91618056,458.811677,13.68464811,12.07426011,21.40303466,14.74023381,13.14582115
AT1G24280,16.39186467,15.17478442,15.7494276,6.779336461,9.105134361,12.12616628,5.136084105,3.007092757,2.981532801,11.76807867,33.08692166,6.7659469,21.75388784,9.495463287,34.55086807,44.58266771,30.19291077,4.83429894,5.562849635,5.531332237,4.910162438,5.716569401,17.95686585,3.274805955,7.328508736
AT3G27300,37.25156694,40.0995337,10.09065393,59.55450529,69.27483848,38.10229439,24.44307542,14.93323269,10.65432753,34.76504384,63.92243974,26.94611999,42.55939265,11.52905025,40.6898392,68.90891087,69.1259138,7.282843167,6.446838731,30.36725831,12.42585746,11.96963344,9.251272953,10.97856167,12.43110142
AT5G13110,25.8028082,29.49915478,25.17733799,26.57726239,39.77314253,27.25102557,10.49533235,9.567737514,26.9361108,31.82074068,36.69923018,7.487304492,43.21417941,12.02218934,52.66243063,45.45152825,46.90410729,4.403330515,4.322195013,30.26498082,21.87483702,20.63448318,22.16433776,22.08955599,20.99145181
AT5G35790,1.379071469,0.794936788,3.156402439,1.859142535,0.42605752,1.354527815,219.3005747,52.97016101,45.48114383,3.841612173,1.097565175,92.77130101,82.16884126,83.91487983,1.298378902,1.518149101,0.622399832,44.22828405,42.63784168,80.81294635,1.815662744,3.12255806,4.798996375,2.696325121,3.818425872
AT5G40760,100.2877573,46.42014603,29.76175958,65.50939743,47.44421919,73.98905633,6.160047796,14.44392737,7.487304492,121.6097333,82.99156357,19.41246801,14.91587788,15.67578315,109.6744568,102.2340247,85.36939257,32.78565544,39.29265806,6.706879946,14.12710949,12.92207493,11.41595822,10.66687426,12.81029466
AT2G41490,20.42930034,22.21437077,13.87704236,16.08054354,14.53164238,16.13163114,8.318038625,11.0783181,9.479093268,17.40854358,16.88788111,8.385467263,6.530671728,12.71654007,12.6145401,13.51260945,15.77197044,13.86690586,10.78473683,10.23210873,61.11246584,58.45030934,42.05654636,47.79780951,51.22685773
AT1G48140,71.57953528,105.8587081,126.2280674,40.01856959,29.10868832,34.68306133,13.74375749,7.633239735,5.294976492,20.1396575,32.81986286,16.41555749,12.73664033,9.528724887,23.85739712,27.82822178,29.11707822,7.749924818,9.609222847,11.32596911,40.16141083,37.36339887,36.72939444,30.13628422,35.02441852
AT1G05800,0.00501757,0.006210258,0.007091168,0.002301972,0.642910663,0.003720747,0.006377966,0.004310156,0.85535029,0.041700995,0.75659082,0.050516911,0.014872363,0.004595154,0.00395247,0.018215206,0.003641724,0.006120809,0.011653285,0.201969105,1.290860239,0.012598539,0.061213278,0.3648506,3.285357658
AT1G06800,4.548281753,2.911732894,2.517100008,2.434558879,26.58390476,7.687886911,2.463769526,10.29310825,7.96430371,4.232171953,5.334981338,5.15020272,3.735351915,6.517973821,8.763198952,5.751062808,8.617866121,1.867199168,2.158653861,4.92665159,20.7815548,20.29243096,21.53459547,21.96240833,19.25298178
AT1G51440,0.00501757,0.006210258,0.007091168,0.12913539,0.011166889,0.059623939,15.05084727,32.13526222,0.22033013,0.003760498,0.708337816,2.934070496,1.227093405,13.40598004,0.072661696,0.284023904,0.271870315,0.018059697,0.039953259,0.155455665,5.17893637,3.522405079,0.035380748,5.232298918,0.040435
AT1G55180,4.219061094,3.669656148,4.07630979,5.27741005,5.716569401,5.443322827,4.849645279,1.403400464,0.041700995,5.638875966,3.017268275,0.04711338,1.682293448,6.071848022,0.452935296,2.456847829,3.725797985,6.606742892,6.902437501,0.005866606,0.012455376,1.387837559,0.049537241,0.003702861,2.553899777
AT1G61850,6.991934877,8.678115941,5.196078138,12.6145401,12.05909948,10.50772807,9.936259446,9.48087038,10.04033124,16.92017141,13.3231013,8.838435736,10.05721257,8.355561689,15.34062434,17.22041084,10.13068772,10.54857124,8.253077582,7.250597054,68.4075846,69.80009092,54.8577657,63.1111421,70.59280423
AT2G06925,29.43997348,27.84898842,13.53193825,12.31243895,2.847609634,6.634776239,18.46231376,3.079402865,0.554055685,5.017672829,21.42836977,48.14349561,35.40277622,10.11579422,9.751182374,9.955062916,19.15224189,66.37293473,55.5159312,13.84118669,0.012455376,0.012598539,0.29578258,0.562724185,0.040435
AT2G30550,13.9004732,5.196710528,5.50012319,14.92158036,104.5749692,13.78018294,32.07467798,24.99529073,35.79324462,9.032046185,15.98728943,15.0007147,5.95750783,23.90306534,10.46478374,6.448056833,12.64772916,1.437848848,1.362148857,8.896780752,16.81745592,15.45667729,18.64954067,15.05084727,19.82257653
AT2G31690,0.00501757,0.006210258,0.007091168,0.002301972,1.429438583,0.003720747,0.006377966,0.004310156,0.003737688,0.003760498,0.428318794,0.053318818,0.006169516,0.004595154,0.065822393,0.002842578,0.003641724,0.006308098,0.005735445,0.492711474,0.012455376,0.012598539,0.025831747,0.003702861,0.040435
AT2G42010,10.43533346,8.874088284,5.445943395,8.082519057,14.95482623,12.27389623,6.950227342,11.17599165,19.52647152,13.58876997,13.61349786,7.611088971,4.81833471,15.7494276,17.34569285,14.02875415,12.19698831,2.730751458,2.739050554,16.30385381,0.012455376,0.012598539,0.002046042,0.003702861,0.040435
AT2G44810,0.00501757,0.006210258,0.007091168,0.002301972,4.382719936,0.003720747,0.006377966,0.004310156,0.630645841,0.04919239,0.013168484,0.006886862,0.015777034,0.004595154,0.00395247,0.002842578,0.003641724,0.035602373,0.207665836,0.005866606,0.012455376,2.22710398,0.029434386,0.036412938,0.040435
AT3G03310,13.23494852,20.25523477,23.21733339,32.77866113,23.07184758,20.20831271,9.189826109,13.31230113,11.44125867,29.97050253,19.47550729,9.378614742,7.120184671,4.414713338,12.9476072,11.74702309,25.69584073,12.35156581,11.26212043,10.43328085,4.371914918,3.104291757,6.100949346,0.511795849,6.312058405
AT3G03530,1.496763551,0.373559654,0.333094437,5.739414738,0.423942956,2.324538113,0.470399615,1.928723825,0.071650591,0.256486521,4.743545045,0.151058743,0.831800772,0.744322261,12.7811805,9.075299705,72.78606669,0.173588295,0.002726241,0.005866606,0.012455376,0.012598539,0.006264608,0.404885945,0.040435
AT3G03540,0.00501757,0.006210258,0.007091168,0.002301972,0.01202162,0.003720747,0.006377966,0.004310156,0.078240053,0.003760498,0.002419969,0.00289616,0.005296799,0.004595154,0.00395247,0.016842606,0.003641724,0.007265992,0.02486414,0.16982671,0.012455376,0.932069639,0.041823928,0.048550184,0.040435
AT3G15730,120.2388034,108.5881884,61.9906781,188.3254568,285.1307792,323.6218899,184.8572501,169.41934,83.08451211,462.2974769,346.5451923,145.8496631,203.1994765,149.3668098,357.0463652,399.4439085,263.6234707,54.90951457,41.99574847,101.8893819,10.47406982,10.18208572,21.47043152,12.01676241,3.246774041
AT3G16785,5.937023984,7.006032984,4.280331111,10.86186902,11.54219841,8.744112007,14.77152055,10.39550425,10.70184536,16.88448753,11.20494771,8.489381288,9.066837754,6.387819856,12.43796051,12.24692731,10.09065393,10.26039892,7.831876016,10.06045382,24.32135693,23.86155582,15.966901,21.49970575,29.47618458
AT4G11850,27.09947179,13.3142989,8.282804183,23.28506114,38.88055065,33.62240878,9.85606681,6.093284361,11.52700822,32.10913669,49.37291417,33.53165355,9.80329353,6.062451419,36.95902821,26.62742272,45.62782498,8.04039675,6.2979767,15.03913797,2.473773454,3.771865515,2.995755653,4.259489068,4.298274566
AT4G16820,1.506879559,1.099834841,0.333994776,0.02624945,2.739050554,0.152800662,0.006377966,0.053730315,7.628749448,0.200550422,0.234582798,0.464818254,0.092200327,0.36243134,0.055228813,0.103896324,0.044194752,0.301817962,1.097565175,2.013416049,6.971541511,10.45815694,1.288166338,8.102508817,9.194758072
AT4G29460,0.00501757,0.006210258,0.007091168,0.016305312,0.113677791,0.003720747,0.006377966,0.004310156,0.003737688,0.003760498,0.024162854,0.009017905,0.011898491,0.004595154,0.00395247,0.106841666,0.003641724,0.035234557,0.001312908,0.578566331,289.0261549,272.2708031,205.2791755,208.2072074,255.4975069
AT4G35790,51.58241359,22.38441758,14.47129032,75.32314674,57.32261347,55.73336142,35.58093014,17.86658357,25.93802228,78.68438073,46.77343273,39.26333998,34.24611791,15.48464952,75.95530816,50.05914745,60.9421019,10.99213159,13.29566313,24.96858064,326.6466415,340.0912633,224.8564988,269.797673,334.6035184
AT4G37070,417.0164621,18.45516237,2.759646881,443.0948044,55.67073368,210.6058194,0.006377966,0.673809551,0.003737688,68.6246352,65.83474819,0.005291142,0.001915474,0.149349415,166.164418,88.88629126,182.5819892,0.005211219,0.028594333,0.005866606,0.012455376,0.012598539,0.006996698,0.003702861,0.040435
AT2G15230,20.90262362,15.9730897,16.44411642,30.61844904,15.80235234,23.49755906,18.14019353,8.2164429,6.872608575,25.53263014,12.61918619,9.854448526,8.244486625,6.59257698,14.37880885,12.09370625,33.0292083,5.426409779,7.988652163,11.61447031,29.31751181,29.91936897,20.44619365,24.632768,28.05378417
AT5G04040,9.208845168,7.593029035,4.162485234,18.16135933,46.26446034,20.07550819,33.72859768,12.88722973,13.79331254,28.14406022,13.96157738,19.77687161,9.765932229,14.14588865,15.30273916,10.1898199,18.80325464,4.947028841,4.665280422,30.76988719,47.54750863,50.17443076,37.66766432,41.85628762,55.95860938
AT1G18500,12.88608039,17.69673607,41.70630163,17.50017169,25.27661242,30.30115576,31.09878725,22.92842597,29.17205497,69.7555704,38.64856702,25.96169421,37.16286972,62.43609021,31.67688439,35.38373367,31.35037132,7.892451372,10.13843201,61.05881304,0.667732985,0.793235767,6.924214958,3.852348945,0.040435
AT1G31180,9.93292074,26.02735861,65.97021618,30.75423728,10.53623921,25.76370929,51.33826053,22.10168695,21.88581007,18.83239538,37.77990981,27.57156372,68.19177984,34.12567662,40.62425921,33.06092195,20.33387169,77.8249447,111.4324437,30.02320168,6.764195012,3.467817303,9.589089983,4.74801469,8.463273151
AT1G74040,4.493530544,9.27367471,17.78852202,5.949337074,4.3585954,9.487388543,10.441153,25.56872257,33.11611171,15.90564801,9.46916433,18.15464673,17.05659981,51.00192799,10.93637758,11.2540697,7.648504295,9.55424814,10.63905608,33.44112549,6.27722118,5.861797617,6.436550466,3.445743452,6.893557916
AT1G80560,12.71880927,43.35331994,103.2200466,30.35430934,22.02218431,30.43451753,20.28469682,18.87834542,18.74930099,59.38912889,38.23816137,34.07041055,51.74695395,25.72902377,28.94297386,34.5799311,26.38269768,18.64274984,21.18192722,22.3095222,1.195544281,0.012598539,8.151895466,3.493845578,0.040435
AT2G43090,117.509262,150.3355453,289.0261549,122.0604488,75.06876387,130.1589637,154.3224442,77.8249447,61.63622567,151.95334,168.9455997,123.0287678,128.1661096,212.402054,146.9857333,170.437894,115.6393429,65.79995584,91.84307804,143.7772871,9.432545141,10.92725822,24.38250042,14.39505109,6.156610079
AT1G03090,10.69824232,8.863398288,9.129361235,43.17640421,34.39172807,32.96149623,9.000829505,12.69464403,12.84240027,384.3988142,16.91227733,23.52576881,4.322195013,11.4697657,9.961257658,10.72994439,20.65310698,9.559384263,8.843786657,81.47769937,15.19649765,14.63508617,9.416090118,15.03416474,15.51359504
AT4G29840,16.31435699,53.66650863,116.5234813,50.59738965,45.03250318,55.97477037,48.12454603,41.63249027,35.52332167,184.5489906,96.67447466,50.80699983,80.11400344,44.28725374,78.30431837,62.4937541,33.20725682,13.48022109,18.61872838,58.12744829,46.85418237,46.71170544,31.56955223,40.80162444,46.66860537
AT1G09795,5.633253697,14.06031269,29.24082057,9.365196959,19.27173933,6.066950526,43.09353275,51.09596591,65.53934982,26.18054434,9.041329694,66.34435222,85.94864217,78.25651986,9.878226432,9.209508531,7.703535124,44.35046491,40.31439062,119.5950879,35.18255849,37.41546231,29.94244833,36.3741913,35.53158554
AT1G31860,5.302514098,20.6569016,55.64640915,18.05509193,17.9380615,17.00741951,15.23547771,4.247446572,5.304550837,27.90261269,18.35374086,13.24717592,62.41062507,18.76773276,19.95518612,22.42497752,14.77152055,35.22110236,49.9547998,8.96556519,3.077893469,1.083214759,7.595934326,2.210334689,0.040435
AT1G58080,51.96081726,51.31709956,63.33076767,30.13628422,25.29564498,48.77039428,107.1784156,97.57347311,76.02708256,41.46011481,98.00157347,76.57288193,100.9196459,187.4994449,70.21576733,91.43831768,57.14910246,46.74788853,37.46216728,91.11112198,3.325007673,5.611529049,7.060202741,4.511498026,5.702138201
AT2G36230,5.016155332,25.4736032,47.2004512,12.83118194,6.042785723,11.26804924,16.53674092,12.37225304,12.79529711,10.25224425,11.43363182,20.06258062,25.63082341,19.25783877,12.54210676,15.68985853,7.13462319,23.13475671,24.15882275,17.97109246,3.550855677,1.512693914,6.666117888,0.130473997,0.040435
AT3G22425,14.25212417,23.75015485,33.99335618,17.77720803,11.11721393,15.33598718,23.2259355,14.79564502,15.79754076,24.95540013,14.2832195,14.80650846,12.65647658,12.27804417,13.47583166,15.65028968,14.55374393,22.43670768,21.99918337,22.92842597,1.314634548,2.719542052,4.581489435,2.143174362,3.422617684
AT5G10330,1.787700671,4.226841515,5.210282097,7.246037829,5.386490001,5.99715311,7.689480705,10.73408351,10.9662419,6.412794215,14.41658052,10.03127095,13.48936288,7.668871811,8.781134901,3.74276561,2.861131828,133.887259,117.4208941,8.164700232,0.012455376,0.811195228,1.044487757,1.448987787,2.518177142
AT1G03475,18.5815026,20.87561478,27.25798142,12.87042807,14.17192711,20.10992489,136.1050188,83.08451211,84.20391011,26.47668948,24.26028031,188.7553626,167.2277617,95.55368611,19.94024913,27.79374982,21.58645681,56.40080772,61.94130058,73.51652136,3.451088487,3.672910776,11.56629192,8.386897159,0.040435
AT2G30390,6.90949407,6.469086659,8.708740344,4.283458787,6.703715198,5.23094208,117.1468414,79.51913753,74.24964826,7.069294427,6.239966373,48.6573085,90.63670092,100.4196782,6.109849957,6.902437501,2.92181374,18.45996551,19.00597284,183.4268714,3.848313918,2.329352967,5.934846889,2.820297148,5.922216704
AT4G01690,28.58735292,26.39522199,20.1223942,20.22687456,26.26435752,23.4568849,110.0685709,70.59280423,77.11046796,34.68306133,26.29808949,85.4197652,122.1706314,158.4427786,26.85050232,30.21353418,26.95150244,26.87576246,23.18793543,89.29074589,29.34286001,29.18191503,27.65667406,30.06841115,28.2148711
AT5G26030,102.6953914,47.02392077,28.51233165,36.2417762,52.62441207,58.22791736,26.59531026,34.71547756,163.6460133,24.28870417,209.7888798,143.7772871,29.94244833,14.20021951,146.1162747,67.96236954,46.20719403,4.576527462,4.610376311,82.23008179,33.45950405,32.76039317,24.12037125,29.63420073,35.55502473
AT1G08630,0.148511792,0.678128406,0.481685322,0.253288927,2.033863962,0.571011634,0.006377966,0.455801808,2.633274645,24.81002561,0.072209493,1.25734199,1.342590731,0.637249655,0.351553129,0.354237472,0.092652968,23.24127343,28.84033038,92.69771894,5.269656688,5.627771107,3.789637086,4.21363561,6.117721993
AT3G04520,8.260984084,28.76875593,27.84898842,9.528724887,3.013123429,12.47184363,16.50494669,16.39049404,5.574376537,13.49492453,11.37684778,14.24927969,19.80408623,23.3264195,26.0361536,13.72240184,9.467372377,26.81817426,11.22200752,3.182414133,1.228718159,2.86269434,2.284285727,0.846716434,3.224358431
AT5G03860,5.624791893,14.92158036,33.1268359,20.26010625,7.756909451,14.10189557,0.006377966,0.265686837,0.038404727,20.42930034,2.032369059,0.002218368,0.272474028,0.079643689,19.89647229,3.84761239,3.716024577,0.092403269,0.46780332,0.785277437,3.668007943,0.988431585,0.006198414,0.035492294,3.910103958
AT3G57560,10.67715567,21.7144026,37.25156694,11.60425742,15.79754076,17.37634584,31.54502133,17.6524507,21.16308827,20.16919826,16.81193612,24.13342346,35.21102605,102.9273423,18.27903708,17.67364529,10.14012976,9.118503359,13.01061037,11.84428972,18.85122715,20.56703572,16.72045318,16.34964326,19.85696381
AT5G07440,320.6594528,139.9762341,94.12902386,1061.498385,4466.935339,696.1639728,11.47804156,6.365373077,190.5766528,2630.17067,1350.08453,82.59386272,15.24047091,10.36718984,478.5769031,323.6218899,682.906875,44.68024873,7.499102928,279.4093688,395.4619867,390.5500479,366.555908,397.5403372,389.7560939
AT5G18170,9.819719243,26.36454918,39.81995412,108.2155478,24.85193524,33.33878929,44.55235055,44.81716241,16.33691267,97.09779799,49.55907511,80.34177008,11.06433983,16.24941927,25.12309022,41.38727144,72.67434976,9.417599985,16.60496987,54.66528625,0.012455376,1.110461316,6.066950526,1.316452442,2.819818584
AT1G12010,7.947594969,1.208177208,0.007091168,10.78133535,16.62121918,17.57807298,8.75855666,12.63170778,3.52559383,88.37395141,72.57626776,4.169391832,1.150106584,2.290927398,2.269139851,10.09220194,63.90285375,0.18006378,0.142662194,1.064090161,1.548318565,8.451536575,0.805932563,1.488396021,3.390766746
AT1G08830,796.6415788,873.9575276,632.6971937,440.4001457,610.2572175,1005.871612,90.63670092,239.2814628,53.82650546,117.4208941,848.923717,607.6870958,230.4169797,152.1435476,1299.699271,2046.31168,1255.107778,314.7840065,356.0975128,71.1127762,31.53015391,30.05884787,62.2294346,38.0873399,26.72789901
AT1G20620,5.42020314,3.183358223,5.988752188,97.88826539,8.138163598,18.39987044,635.4429463,500.7343454,38.81711337,37.02367041,144.6904758,2010.829679,361.8034494,250.675705,22.65882515,37.04366747,75.76252846,395.4619867,250.1516595,52.31038806,39.14791446,39.96306267,40.52625024,40.39106971,39.29265806
AT1G20630,11.86205578,8.310941129,6.161294808,14.76085399,22.80843551,16.02242143,40.19619799,9.870766171,13.21922067,33.33878929,6.686593782,37.0821997,27.9905713,17.96351994,6.002472008,6.264956034,10.87926369,6.743671138,11.58055587,139.9762341,386.5125556,387.8801435,364.0370585,365.9435471,400.7127601
AT2G28190,95.2875193,138.9001087,303.6725543,71.06059378,49.22334063,116.0007569,95.95574087,359.554338,222.3260218,55.49549836,137.945166,429.4355076,252.9938998,617.9037686,127.5825533,307.2887019,124.6823334,107.0954883,128.298558,274.2271824,16.55565314,15.4632553,23.30509121,19.9918619,15.99970971
AT3G10920,467.4725674,458.811677,464.1140741,444.5349161,211.1462007,259.286038,163.2387858,126.3149635,101.9883264,291.9357553,368.16389,194.1296645,188.5524509,138.1249385,383.5544192,462.2974769,316.1733995,103.9629621,99.06685698,225.2771432,19.26777019,19.28960384,30.4439507,21.29663452,19.02284829
AT4G25100,431.6191141,166.164418,123.0287678,298.0095874,74.89437551,84.84786246,873.9575276,612.3330969,483.8536173,1561.884153,591.9632083,624.0395811,86.56922557,492.1522289,79.97250982,16.37509314,291.4410892,0.886214063,5.845778223,1242.835296,13.72821005,14.08340274,21.5130048,15.15442109,8.656559925
AT4G35090,201.0376031,41.38727144,37.4076242,111.3606202,113.2922419,172.6517241,654.2098647,2443.90401,2242.381737,302.3738293,95.89572265,105.0163949,185.7337621,1508.054189,182.753374,222.7592606,239.7277652,3.298966552,6.818171745,4466.935339,53.71079155,55.36975193,54.0153599,55.29654624,59.34026655
AT5G18100,24.9897605,46.06601109,62.64998969,17.4147893,13.9990493,20.93240485,28.44803857,60.86085792,48.35268149,26.7646421,20.01188704,94.67432483,63.25518338,59.00978403,16.18414448,22.66907194,22.06806709,778.382308,542.3306227,67.93555945,10.01289792,9.343575141,9.868913648,11.18909783,9.090910819
AT5G23310,4.576527462,10.27982632,32.48216745,6.28228304,2.842253105,7.203925046,20.97229499,10.42906896,11.63230925,11.18759749,12.12143035,30.96442753,124.6823334,25.01967795,9.670485729,10.37421012,6.490951528,82.11245874,76.15827435,16.24538848,4.415781522,5.315126833,7.067414008,3.107612182,3.480742109
AT5G51100,3.420001687,8.252201098,23.15109088,4.870509304,2.272913901,3.520275195,10.42132051,8.583746286,10.50200273,6.368544778,7.057772029,19.64047562,60.69774337,30.07402287,7.026983173,6.216181058,3.43700914,67.38722736,63.93685343,26.7819806,1.407646024,0.012598539,2.112377253,1.005387055,0.040435
AT2G43750,34.00314898,36.4859176,52.16361573,50.53546096,28.5344768,57.75462233,232.7575679,282.3492432,235.6284907,96.33660546,69.23956013,71.02508926,192.9628306,142.5822047,46.9904368,47.21873666,42.03685085,13.7530942,17.5254002,198.4503611,4.369375922,6.601744898,10.38063277,7.574135408,5.136084105
AT3G59760,48.23231871,58.03862422,67.15480222,87.29959763,60.8920456,75.90886456,24.30668806,18.6655743,9.056426013,65.47328136,109.5880095,27.4527806,23.32283834,17.9260528,82.11245874,95.41470807,61.52032641,55.29654624,81.12414432,13.90470223,19.5403091,16.81193612,14.74492117,14.19198091,15.52067668
AT4G14880,499.3964563,224.214195,92.10626471,796.6415788,886.3799385,497.3754198,250.1516595,242.6363921,140.9483858,493.8970465,600.6658448,271.9071172,188.7553626,143.5974099,598.3485109,468.6564972,796.6415788,39.13658349,38.84301354,408.2262228,19.2846988,18.31479926,27.00097529,21.15249307,19.80408623
AT3G23490,51.18910752,35.29105667,45.26088626,59.74101994,20.89339204,47.14111078,64.32287312,79.56975809,53.50664856,61.73867237,42.80295912,78.68438073,71.02508926,35.13697147,46.60473964,50.66190364,93.42436704,63.28455021,75.46683558,101.5210772,2.925827602,5.148018537,12.65953324,6.856730726,0.040435
AT3G56940,23.85123847,1.370964879,1.861615249,13.11503262,5.240408982,5.417615103,1188.829576,1712.159003,1362.877325,13.31715849,11.70451492,1221.437382,1005.871612,2010.829679,30.96442753,29.5783365,3.523507169,136.9115475,153.9631294,1476.086262,8.16744031,10.34001962,24.75569575,16.49859658,0.040435
AT4G25080,11.89035485,8.319351483,7.661566877,12.50317304,4.599876826,10.86387685,286.5520038,429.4355076,361.8034494,25.65739789,12.524725,285.1307792,134.3717415,356.0975128,9.103560251,7.87221093,12.81756285,103.5817835,101.7291731,200.4954213,3.891165901,5.721532509,10.44586438,7.194977324,8.916029086
AT1G08520,9.431339875,7.193445475,7.859470566,12.11009481,5.813416541,9.936259446,113.7788045,116.5234813,123.6816553,18.75428525,12.11959633,111.8463471,87.727322,183.1664263,10.88942986,13.32451007,9.163201909,78.25651986,53.7657776,119.4201069,12.086921,10.10750858,5.943901042,10.81917154,12.54210676
AT3G26830,36.92183989,2.175692018,0.829586658,1.732925651,4.570112936,9.570817621,2.218179064,0.933306617,21.4169359,1.053797432,12.65318421,9.640307674,2.779043264,0.496185828,5.263011661,11.73080315,14.00227096,0.181550779,0.023746384,17.81987899,0.012455376,0.012598539,0.00661815,0.9779346,0.040435
AT3G55800,0.790825366,0.285337399,1.657558622,1.119088348,0.455988391,0.284735422,852.7053185,1113.418927,920.4963683,0.509575989,2.582396264,283.9375093,480.3897457,845.100937,7.398828295,2.655896753,0.201586478,30.27193531,31.9385756,1687.182511,10.01148697,7.562410114,13.20869127,10.93155755,0.040435
AT1G23820,95.21226705,113.9627971,240.9884324,140.9483858,52.82066613,107.1784156,47.62177118,71.71254603,48.96258247,162.8647845,161.834222,82.3880915,172.0311676,39.72205375,132.7371875,133.1535799,105.5863439,74.72017366,92.47953722,87.23813317,38.57897942,37.65907077,37.02367041,35.41226713,43.35331994
AT1G70310,44.68024873,46.24773154,160.8628478,125.9042329,20.35670178,58.3139256,76.84962144,78.25651986,63.19556831,115.1677345,96.85360408,56.57503568,84.84786246,30.15493426,69.23956013,70.70735074,68.72694313,78.34562942,82.49036017,74.51312728,14.90961245,14.55175684,15.20347821,13.41224807,15.98422153
AT3G16150,0.571644291,7.971035979,39.08793411,5.920938996,33.98141466,18.01773366,0.984244831,0.396941265,7.720148246,109.7218093,3.009809269,0.678128406,0.799869673,5.242300365,17.2013612,11.11886186,5.160660204,3.393125531,3.200605035,26.68571335,82.4344075,86.66643526,126.2280674,100.3432062,79.0258662
AT5G08100,18.16451,52.18600019,46.79811815,34.00314898,20.71976821,29.83476437,13.44368219,34.92532538,25.29057467,35.32255893,29.43997348,37.63896805,10.72637787,15.81421066,19.43472829,20.51856918,30.21353418,51.22685773,71.36016511,26.46807727,9.781937182,8.963941979,12.94521103,11.46008659,5.317990002
